lat,lon,iata,name,city,country,elevation
25.324307,-80.275729,OCA,Ocean Reef Club Airport,Key Largo,US,6.4
60.080849,-142.495494,CYT,Yakataga Airport,Yakataga,US,16
62.509183,-153.890626,FWL,Farewell Airport,Farewell,US,1535
38.851937,-106.932821,CSE,Crested Butte Airpark,Crested Butte,US,8980
31.823711,-107.626967,CUS,Columbus Municipal Airport,Columbus,US,4024
30.251813,-98.622531,JCY,Lbj Ranch Airport,Johnson City,US,1515
59.969019,-141.66177,ICY,Icy Bay Airport,Icy Bay,US,50
66.176133,-155.684817,HGZ,Hog River Airport,Hogatza,US,534
30.593175,-89.873478,GWV,Fokker Field,Bush,US,50
28.982194,-95.579669,BZT,Eagle Air Park,Brazoria,US,15
48.578992,-122.826291,BYW,Blakely Island Airport,Blakely Island,US,66
60.588867,-152.161977,DRF,Drift River Airport,Kenai,US,30
41.230871,-89.615652,BDF,Rinkenberger Airport,Bradford,US,808
40.914799,-72.780396,CTO,Calverton Executive Airpark,Calverton,US,75.2
32.954293,-90.845933,RFK,Rollang Field,Rolling Fork,US,106
29.866039,-90.022293,BCS,Southern Seaplane Airport,Belle Chasse,US,0
48.490101,-122.832121,CWS,Center Island Airport,Center Island,US,115
36.253495,-75.788524,DUF,Pine Island Airport,Corolla,US,16
48.672878,-123.175745,SSW,Stuart Island Airpark,Stuart Island,US,10
39.474333,-123.795571,FOB,Fort Bragg Airport,Fort Bragg,US,71
42.042164,-101.059661,MHN,Hooker County Airport,Mullen,US,3240
44.316717,-75.899673,AXB,Maxson Airfield,Alexandria Bay,US,340
33.594762,-102.043418,REE,Reese Airpark,Lubbock,US,3338
48.71177,-123.018242,WDN,Waldron Airstrip,East Sound,US,140
65.051826,-146.047432,CEX,Chena Hot Springs Airport,Chena Hot Springs,US,1195
64.560641,-164.442328,SOL,Solomon State Field,Solomon,US,25
55.801395,-160.899254,HED,Herendeen Bay Airport,Herendeen Bay,US,20
65.679275,-164.798807,TWE,Taylor Airport,Taylor,US,440
70.910745,-153.242215,LNI,Lonely Air Station,Lonely,US,17
65.907658,-161.926306,CDL,Candle 2 Airport,Candle,US,15
60.423064,-146.145909,BSW,Boswell Bay Airport,Boswell Bay,US,230
38.016866,-122.520809,SRF,San Rafael Airport,San Rafael,US,5
39.710556,-121.6165,PYS,Paradise Skypark Airport,Paradise,US,1300
22.20919,-159.445534,HPV,Princeville Airport,Hanalei,US,344
37.203178,-107.869195,AMK,Animas Air Park,Durango,US,6684
45.470472,-105.457139,BDX,Broadus Airport,Broadus,US,3282
39.60375,-116.003611,EUE,Eureka Airport,Eureka,US,5957.8
41.975831,-114.658016,KPT,Jackpot/Hayden Field,Jackpot,US,5223.7
61.961477,-162.942355,PQS,Pilot Station Airport,Pilot Station,US,473
41.252139,-72.031639,FID,Elizabeth Field,Fishers Island,US,7.2
43.387421,-95.139468,RTL,Spirit Lake Municipal Airport,Spirit Lake,US,1434
42.734861,-94.245472,HUD,Humboldt Municipal Airport,Humboldt,US,1098.3
48.053806,-122.810639,TWD,Jefferson County International Airport,Port Townsend,US,110.1
36.716444,-110.228444,MVM,Kayenta Airport,Kayenta,US,5687.5
42.291306,-73.710333,HCC,Columbia County Airport,Hudson,US,198.1
34.146972,-97.122667,AHD,Ardmore Downtown Executive Airport,Ardmore,US,844.9
35.986111,-113.816917,GCW,Grand Canyon West Airport,Peach Springs,US,4816.7
64.424447,-156.843339,KKK,Kalakaket Creek Air Station,Kalakaket Creek,US,1598
38.990611,-122.900722,CKE,Lampson Field,Lakeport,US,1380.1
41.729983,-122.544481,ROF,Montague-Yreka Rohrer Field,Montague,US,2527
41.262919,-122.272037,MHS,Dunsmuir Municipal-Mott Airport,Dunsmuir,US,3261.4
43.778254,-71.75385,PLY,Plymouth Municipal Airport,Plymouth,US,506
42.009994,-101.770064,PGC,Grant County Airport,Hyannis,US,3737
38.42856,-105.106854,CNE,Fremont County Airport,Canon City,US,5442.4
36.2565,-113.230889,GCT,Grand Canyon Bar Ten Airstrip,Whitmore,US,4100
61.359131,-155.440386,LVD,Lime Village Airport,Lime Village,US,545
43.387135,-72.187614,NWH,Parlin Field,Newport,US,783.9
30.906222,-101.889806,IRB,Iraan Municipal Airport,Iraan,US,2200
39.580806,-79.335944,ODM,Garrett County Airport,Oakland,US,2933.4
63.378985,-153.284215,TLF,Telida Airport,Telida,US,650
39.943917,-120.945389,GNF,Gansner Field,Quincy,US,3418.6
42.579318,-121.879014,CHZ,Chiloquin State Airport,Chiloquin,US,4221
38.315709,-76.552159,LTW,St Mary's County Regional Airport,Leonardtown,US,141.6
34.686949,-81.641164,USC,"Union County, Troy Shelton Field",Union,US,609.9
40.341583,-99.907806,AHF,Arapahoe Municipal Airport,Arapahoe,US,2273
40.399089,-74.659006,PCT,Princeton Airport,Princeton/Rocky Hill,US,128.2
36.577577,-94.8619,NRI,Grand Lake Regional Airport,Afton,US,792
42.510121,-123.38799,GTP,Grants Pass Airport,Grants Pass,US,1130.1
63.124694,-142.518556,TEH,Tetlin Airport,Tetlin,US,1670.9
41.835889,-86.225167,NLE,Jerry Tyler Memorial Airport,Niles,US,750.4
38.428272,-92.875264,VRS,Roy Otten Memorial Airfield,Versailles,US,1027
47.922056,-119.083,GCD,Grand Coulee Dam Airport,Electric City,US,1593.1
35.650565,-112.148092,VLE,Valle Airport,Grand Canyon,US,5999
39.331417,-111.612611,NTJ,Sanpete County Regional Airport,Manti,US,5515.8
39.029128,-111.838258,SBO,Salina-Gunnison Airport,Salina,US,5159
40.524444,-74.598306,JVI,Central Jersey Regional Airport,Manville,US,85.9
60.867875,-162.274275,ATT,Atmautluak Airport,Atmautluak,US,18.6
65.467269,-148.653747,LIV,Livengood Camp Airport,Livengood,US,427.5
59.796944,-154.129972,PDB,Pedro Bay Airport,Pedro Bay,US,83.9
57.942155,-152.464993,KOZ,Ouzinkie Airport,Ouzinkie,US,99.8
30.466284,-92.423799,UCE,Eunice Airport,Eunice,US,42
42.415361,-124.424917,GOL,Gold Beach Municipal Airport,Gold Beach,US,20.5
40.093972,-108.763056,RNG,Rangely Airport,Rangely,US,5278
40.758742,-87.429125,KKT,Kentland Municipal Airport,Kentland,US,699
65.148167,-149.368583,MNT,Minto Al Wright Airport,Minto,US,499.8
59.282556,-158.617867,WKK,Aleknagik /New Airport,Aleknagik,US,63
45.538332,-90.276335,PRW,Prentice Airport,Prentice,US,1578.5
58.734663,-157.02521,NNK,Naknek Airport,Naknek,US,70
28.857093,-100.513468,EGP,Maverick County Memorial International Airport,Eagle Pass,US,887.3
36.833139,-114.055889,MFH,Mesquite Airport,Mesquite,US,1978.1
42.460385,-71.518012,MMN,Minute Man Air Field,Stow,US,280
44.312833,-83.422306,ECA,Iosco County Airport,East Tawas,US,605.3
40.733991,-73.972916,NYS,New York Skyports Inc Seaplane Base,New York,US,0
57.218306,-153.269832,OLH,Old Harbor Airport,Old Harbor,US,55
43.982818,-124.111367,FMU,Florence Municipal Airport,Florence,US,50.8
48.498507,-122.662468,OTS,Anacortes Airport,Anacortes,US,246.1
40.278414,-110.051377,ROL,Roosevelt Municipal Airport,Roosevelt,US,5176.1
38.831306,-107.645861,WPO,North Fork Valley Airport,Paonia,US,5788
34.193568,-95.649864,ATE,Antlers Municipal Airport,Antlers,US,576.7
57.523425,-157.395994,UGS,Ugashik Airport,Ugashik,US,43.8
60.351108,-162.654611,WTL,Tuntutuliak Airport,Tuntutuliak,US,16
59.074525,-160.275042,TWA,Twin Hills Airport,Twin Hills,US,82
56.255457,-158.777832,KCQ,Chignik Lake Airport,Chignik Lake,US,50
29.727549,-85.027378,AAF,Apalachicola Regional-Cleve Randolph Field,Apalachicola,US,19.6
40.652363,-75.440406,ABE,Lehigh Valley International Airport,Allentown,US,393.7
32.411333,-99.681889,ABI,Abilene Regional Airport,Abilene,US,1790.6
35.038932,-106.608262,ABQ,Albuquerque International Sunport Airport,Albuquerque,US,5354.9
45.446798,-98.422441,ABR,Aberdeen Regional Airport,Aberdeen,US,1301.9
31.53553,-84.194483,ABY,Southwest Georgia Regional Airport,Albany,US,196.1
44.988577,-85.198347,ACB,Antrim County Airport,Bellaire,US,623
41.253299,-70.060511,ACK,Nantucket Memorial Airport,Nantucket,US,46.8
31.612194,-97.230306,ACT,Waco Regional Airport,Waco,US,516.1
40.977826,-124.108469,ACV,California Redwood Coast-Humboldt County Airport,Arcata/Eureka,US,222.3
39.457576,-74.577155,ACY,Atlantic City International Airport,Atlantic City,US,74.8
41.867637,-84.077306,ADG,Lenawee County Airport,Adrian,US,802.2
34.804262,-96.6712,ADT,Ada Regional Airport,Ada,US,1015.9
34.303873,-97.020597,ADM,Ardmore Municipal Airport,Ardmore,US,776.7
32.968556,-96.836444,ADS,Addison Airport,Dallas,US,644.6
38.810796,-76.867384,ADW,Joint Base Andrews Airport,Camp Springs,US,279.5
43.681314,-93.368148,AEL,Albert Lea Municipal Airport,Albert Lea,US,1261
31.327372,-92.548556,AEX,Alexandria International Airport,Alexandria,US,88.1
38.973391,-104.820033,AFF,Usaf Academy Davis Airfield,Colorado Springs,US,6576
40.136472,-80.290194,WSG,Washington County Airport,Washington,US,1183.9
42.805134,-72.003022,AFN,Jaffrey Airfield Silver Ranch Airport,Jaffrey,US,1039.5
42.708771,-110.942171,AFO,Afton Lincoln County/General Boyd L Eddins Field,Afton,US,6220.9
32.990307,-97.319429,AFW,Perot Field/Fort Worth Alliance Airport,Fort Worth,US,723.2
40.354438,-79.929047,AGC,Allegheny County Airport,Pittsburgh,US,1251.5
33.227472,-93.217,AGO,Ralph C Weiser Field,Magnolia,US,319.4
33.369954,-81.964498,AGS,Augusta Regional At Bush Field,Augusta,US,145.7
40.265918,-120.150613,AHC,Amedee Army Air Field,Herlong,US,4011.6
45.281148,-92.375391,AHH,Amery Municipal Airport,Amery,US,1088.1
33.94864,-83.325914,AHN,Athens/Ben Epps Airport,Athens,US,812.2
42.053222,-102.80375,AIA,Alliance Municipal Airport,Alliance,US,3930.6
40.108611,-85.613,AID,Anderson Regional Airport,Anderson,US,919.1
33.649389,-81.685028,AIK,Aiken Regional Airport,Aiken,US,528.5
41.403833,-95.04875,AIO,Atlantic Municipal Airport,Atlantic,US,1164.9
33.106744,-88.197175,AIV,George Downer Airport,Aliceville,US,150
38.096028,-92.54948,AIZ,Lee C Fine Memorial Airport,Kaiser/Lake Ozark,US,868.8
40.175639,-103.222028,AKO,Colorado Plains Regional Airport,Akron,US,4716
41.037424,-81.467685,AKC,Akron Fulton International Airport,Akron,US,1067.3
42.749116,-73.80198,ALB,Albany International Airport,Albany,US,284.8
27.740889,-98.026944,ALI,Alice International Airport,Alice,US,178.2
32.839417,-105.991139,ALM,Alamogordo-White Sands Regional Airport,Alamogordo,US,4199.9
38.889917,-90.046,ALN,St Louis Regional Airport,Alton/St Louis,US,543.5
42.558449,-92.401023,ALO,Waterloo Regional Airport,Waterloo,US,873
37.435125,-105.867875,ALS,San Luis Valley Regional/Bergman Field,Alamosa,US,7539.8
46.092542,-118.284082,ALW,Walla Walla Regional Airport,Walla Walla,US,1194.4
32.91475,-85.962944,ALX,Thomas C Russell Field,Alexander City,US,685.8
35.219361,-101.705917,AMA,Rick Husband Amarillo International Airport,Amarillo,US,3606.7
43.322142,-84.687939,AMN,Gratiot Community Airport,Alma,US,754.1
41.992044,-93.621821,AMW,Ames Municipal Airport,Ames,US,955.6
33.58817,-85.858115,ANB,Anniston Regional Airport,Anniston,US,612.1
34.494587,-82.709381,AND,Anderson Regional Airport,Anderson,US,781.9
46.479222,-84.368389,SSM,Sault Ste Marie Municipal/Sanderson Field,Sault Ste Marie,US,716.4
38.538278,-106.048639,SLT,Salida/Harriett Alexander Field,Salida,US,7523
38.942876,-76.56839,ANP,Lee Airport,Annapolis,US,34.2
41.639698,-85.083493,ANQ,Tri-State Steuben County Airport,Angola,US,995
42.579222,-99.992972,ANW,Ainsworth Regional Airport,Ainsworth,US,2588.7
37.159889,-98.079528,ANY,Anthony Municipal Airport,Anthony,US,1343.1
40.707478,-84.027078,AOH,Lima Allen County Airport,Lima,US,975.3
40.296361,-78.320028,AOO,Altoona/Blair County Airport,Altoona,US,1503.4
39.570119,-104.849293,APA,Centennial Airport,Denver,US,5884.9
38.213189,-122.280687,APC,Napa County Airport,Napa,US,35.5
26.152441,-81.775639,APF,Naples Municipal Airport,Naples,US,8.3
39.465465,-76.168292,APG,Phillips Army Air Field,Aberdeen Proving Grounds (Aberdeen),US,44.5
38.06889,-77.318961,APH,Ap Hill Lz (Fort Ap Hill) Airport,Bowling Green,US,219.6
45.078083,-83.560306,APN,Alpena County Regional Airport,Alpena,US,689.5
35.060667,-85.585306,APT,Marion County/Brown Field,Jasper,US,641.2
34.575331,-117.186188,APV,Apple Valley Airport,Apple Valley,US,3061.5
60.969022,-149.119346,AQY,Girdwood Airport,Girdwood,US,164
30.037758,-91.883896,ARA,Acadiana Regional Airport,New Iberia,US,24
42.222928,-83.745709,ARB,Ann Arbor Municipal Airport,Ann Arbor,US,839
36.124667,-90.925111,ARG,Walnut Ridge Regional Airport,Walnut Ridge,US,279
29.254278,-96.154389,WHT,Wharton Regional Airport,Wharton,US,100
41.771917,-88.475667,AUZ,Aurora Municipal Airport,Chicago/Aurora,US,712
43.991833,-76.019417,ART,Watertown International Airport,Watertown,US,330.8
45.927917,-89.730944,ARV,Lakeland/Noble F Lee Memorial Field,Minocqua-Woodruff,US,1629.5
32.412167,-80.634354,BFT,Beaufort Executive Airport,Beaufort,US,9
39.221878,-106.868233,ASE,Aspen-Pitkin County/Sardy Field,Aspen,US,7837.9
36.176389,-94.11925,SPZ,Springdale Municipal Airport,Springdale,US,1352.5
42.782414,-71.514094,ASH,Boire Field,Nashua,US,200.4
32.5205,-94.307778,ASL,Harrison County Airport,Marshall,US,357
33.569504,-86.051201,ASN,Talladega Municipal Airport,Talladega,US,528.8
46.157978,-123.878624,AST,Astoria Regional Airport,Astoria,US,14.7
46.548528,-90.918972,ASX,John F Kennedy Memorial Airport,Ashland,US,826.5
46.023156,-99.352575,ASY,Ashley Municipal Airport,Ashley,US,2034.4
33.6367,-84.427864,ATL,Hartsfield/Jackson Atlanta International Airport,Atlanta,US,1026.2
32.851944,-104.467583,ATS,Artesia Municipal Airport,Artesia,US,3544.5
44.258093,-88.519072,ATW,Appleton International Airport,Appleton,US,918
44.913972,-97.154722,ATY,Watertown Regional Airport,Watertown,US,1749.3
44.320687,-69.797309,AUG,Augusta State Airport,Augusta,US,351.7
43.662639,-92.932917,AUM,Austin Municipal Airport,Austin,US,1233.5
38.95482,-121.081729,AUN,Auburn Municipal Airport,Auburn,US,1538.2
32.615111,-85.434,AUO,Auburn University Regional Airport,Auburn,US,776.8
30.194527,-97.669876,AUS,Austin-Bergstrom International Airport,Austin,US,541.5
44.926285,-89.627002,AUW,Wausau Downtown Airport,Wausau,US,1201
35.436113,-82.542047,AVL,Asheville Regional Airport,Asheville,US,2163.9
27.5913,-81.528967,AVO,Avon Park Executive Airport,Avon Park,US,160.4
41.338472,-75.723389,AVP,Wilkes-Barre/Scranton International Airport,Wilkes-Barre/Scranton,US,961.7
32.409556,-111.218389,AVW,Marana Regional Airport,Marana,US,2031.5
33.404997,-118.415769,AVX,Catalina Airport,Avalon,US,1602
35.135056,-90.234444,AWM,West Memphis Municipal Airport,West Memphis,US,212.7
43.077798,-94.271774,AXG,Algona Municipal Airport,Algona,US,1216.1
45.866306,-95.394667,AXN,Alexandria Regional/Chandler Field,Alexandria,US,1425.3
34.698806,-99.338472,AXS,Altus/Quartz Mountain Regional Airport,Altus,US,1433.2
40.493548,-84.298074,AXV,Neil Armstrong Airport,Wapakoneta,US,912.3
36.422,-105.289905,AXX,Angel Fire Airport,Angel Fire,US,8379.5
31.248389,-82.395389,AYS,Waycross-Ware County Airport,Waycross,US,141.3
42.234389,-85.551556,AZO,Kalamazoo/Battle Creek International Airport,Kalamazoo,US,873.9
39.136101,-121.436587,BAB,Beale Afb Airport,Marysville,US,112.9
32.501933,-93.662628,BAD,Barksdale Afb Airport,Bossier City,US,165.2
42.157944,-72.715861,BAF,Westfield-Barnes Regional Airport,Westfield/Springfield,US,270
39.261915,-85.896339,CLU,Columbus Municipal Airport,Columbus,US,656.1
40.599056,-116.874333,BAM,Battle Mountain Airport,Battle Mountain,US,4536.1
45.331917,-95.650583,BBB,Benson Municipal Airport,Benson,US,1039.3
31.179278,-99.323917,BBD,Curtis Field,Brady,US,1827.4
36.532083,-93.200544,BKG,Branson Airport,Branson,US,1302
34.621709,-79.734359,BTN,Marlboro County Jetport/H E Avent Field,Bennettsville,US,146.8
41.436446,-99.642164,BBW,Broken Bow Municipal/Keith Glaze Field,Broken Bow,US,2546.3
37.209386,-80.41209,BCB,Virginia Tech/Montgomery Executive Airport,Blacksburg,US,2119.4
37.706447,-112.1458,BCE,Bryce Canyon Airport,Bryce Canyon,US,7589.9
26.378486,-80.107696,BCT,Boca Raton Airport,Boca Raton,US,12.9
48.73025,-94.611056,BDE,Baudette International Airport,Baudette,US,1085.4
37.583333,-109.483278,BDG,Blanding Municipal Airport,Blanding,US,5867.8
45.117028,-95.129333,ILL,Willmar Municipal/John L Rice Field,Willmar,US,1126
41.939032,-72.684316,BDL,Bradley International Airport,Windsor Locks,US,173.3
41.163481,-73.126176,BDR,Bridgeport/Sikorsky Airport,Bridgeport,US,8.5
40.039365,-105.22609,WBU,Boulder Municipal Airport,Boulder,US,5288
37.693917,-97.214917,BEC,Beech Factory Airport,Wichita,US,1408.6
42.469944,-71.289,BED,Laurence G Hanscom Field,Bedford,US,132
42.128381,-86.424881,BEH,Southwest Michigan Regional Airport,Benton Harbor,US,649.1
41.802954,-78.639966,BFD,Bradford Regional Airport,Bradford,US,2143.1
41.874028,-103.595639,BFF,Scottsbluff/Western Nebraska Regional/Wm  B Heilig Field,Scottsbluff,US,3967.3
47.529972,-122.301944,BFI,Boeing Field/King County International Airport,Seattle,US,21.6
35.433861,-119.057667,BFL,Meadows Field,Bakersfield,US,509.6
30.626781,-88.068091,BFM,Mobile International Airport,Mobile,US,26.2
38.840028,-86.445361,BFR,Virgil I Grissom Municipal Airport,Bedford,US,727.4
35.700889,-101.393667,BGD,Hutchinson County Airport,Borger,US,3055.2
30.971598,-84.636928,BGE,Decatur County Industrial Air Park,Bainbridge,US,141.3
42.208444,-75.979611,BGM,Greater Binghamton/Edwin A Link Field,Binghamton,US,1635.6
44.807444,-68.828139,BGR,Bangor International Airport,Bangor,US,192.1
44.449705,-68.36149,BHB,Hancock County/Bar Harbor Airport,Bar Harbor,US,83.2
33.563889,-86.752306,BHM,Birmingham-Shuttlesworth International Airport,Birmingham,US,650
41.168111,-71.577833,BID,Block Island State Airport,Block Island,US,107.9
40.301278,-96.754111,BIE,Beatrice Municipal Airport,Beatrice,US,1323.6
31.849529,-106.380053,BIF,Biggs Army Air Field (Fort Bliss) Airport,Fort Bliss/El Paso/,US,3946.6
37.373111,-118.363611,BIH,Bishop Airport,Bishop,US,4124.3
45.807849,-108.543544,BIL,Billings Logan International Airport,Billings,US,3662.3
46.772734,-100.745738,BIS,Bismarck Municipal Airport,Bismarck,US,1661.3
30.410427,-88.924435,BIX,Keesler Afb Airport,Biloxi,US,32.6
39.908806,-105.117194,BJC,Rocky Mountain Metro Airport,Denver,US,5673.4
47.510722,-94.934722,BJI,Bemidji Regional Airport,Bemidji,US,1391.4
40.874844,-81.88826,BJJ,Wayne County Airport,Wooster,US,1135.5
32.718756,-98.891596,BKD,Stephens County Airport,Breckenridge,US,1284.2
44.837346,-117.80914,BKE,Baker City Municipal Airport,Baker City,US,3373.2
39.701761,-104.751961,BFK,Buckley Space Force Base Airport,Aurora,US,5663
41.517861,-81.682639,BKL,Burke Lakefront Airport,Cleveland,US,583.5
36.745111,-97.349583,BWL,Blackwell-Tonkawa Municipal Airport,Blackwell,US,1030
37.074738,-77.951812,BKT,Allan C Perkinson/Blackstone Army Air Field,Blackstone,US,437.4
37.787333,-81.124167,BKW,Raleigh County Memorial Airport,Beckley,US,2503.8
44.304528,-96.818917,BKX,Brookings Regional Airport,Brookings,US,1647.5
37.295947,-81.207518,BLF,Mercer County Airport,Bluefield,US,2856.8
33.619167,-114.716889,BLH,Blythe Airport,Blythe,US,399.6
48.792694,-122.537528,BLI,Bellingham International Airport,Bellingham,US,171
40.186778,-74.124556,BLM,Monmouth Executive Airport,Belmar/Farmingdale,US,153.4
39.274972,-120.70975,BLU,Blue Canyon - Nyack Airport,Emigrant Gap,US,5283.5
38.545173,-89.835186,BLV,Scott Afb/Midamerica St Louis Airport,Belleville,US,459.1
41.554306,-112.06225,BMC,Brigham City Regional Airport,Brigham City,US,4229.9
39.146021,-86.61668,BMG,Monroe County Airport,Bloomington,US,845.5
40.477111,-88.915917,BMI,Central Il Regional/Bloomington-Normal Airport,Bloomington/Normal,US,871.4
44.575361,-71.175917,BML,Berlin Regional Airport,Berlin,US,1161.3
30.070204,-94.215097,BMT,Beaumont Municipal Airport,Beaumont,US,31.9
36.124475,-86.678181,BNA,Nashville International Airport,Nashville,US,599
33.922556,-116.850972,BNG,Banning Municipal Airport,Banning,US,2222.4
33.257668,-81.388219,BNL,Barnwell Regional Airport,Barnwell,US,246.3
43.591906,-118.955437,BNO,Burns Municipal Airport,Burns,US,4148.2
42.049556,-93.847611,BNW,Boone Municipal Airport,Boone,US,1160.3
43.564361,-116.222861,BOI,Boise Air Trml/Gowen Field,Boise,US,2871.7
42.073944,-124.289778,BOK,Brookings Airport,Brookings,US,461.9
42.362944,-71.006389,BOS,General Edward Lawrence Logan International Airport,Boston,US,19.1
27.943359,-81.783437,BOW,Bartow Executive Airport,Bartow,US,124.6
32.212618,-101.521646,HCA,Big Spring/Mc Mahon-Wrinkle Airport,Big Spring,US,2572.8
42.582222,-110.108861,BPI,Miley Memorial Field,Big Piney,US,6993.6
36.368943,-92.47052,WMH,Baxter County Airport,Mountain Home,US,928
29.950831,-94.020699,BPT,Jack Brooks Regional Airport,Beaumont/Port Arthur,US,14.8
31.259035,-81.466316,BQK,Brunswick Golden Isles Airport,Brunswick,US,25.6
46.404222,-94.133806,BRD,Brainerd Lakes Regional Airport,Brainerd,US,1232.2
40.782972,-91.125583,BRL,Southeast Iowa Regional Airport,Burlington,US,698.7
25.906139,-97.426,BRO,Brownsville/South Padre Island International Airport,Brownsville,US,22.4
37.814333,-85.499639,BRY,Samuels Field,Bardstown,US,668.8
40.868149,-111.927499,BTF,Skypark Airport,Bountiful,US,4237.1
42.306474,-85.250089,BTL,Battle Creek Executive At Kellogg Field,Battle Creek,US,951.6
45.954806,-112.497472,BTM,Bert Mooney Airport,Butte,US,5550.5
45.815028,-97.742806,TTO,Britton Municipal Airport,Britton,US,1318.4
40.776583,-79.951083,BTP,Pittsburgh/Butler Regional Airport,Butler,US,1248.4
30.532917,-91.149889,BTR,"Baton Rouge Metro, Ryan Field",Baton Rouge,US,69.7
44.471955,-73.153276,BTV,Patrick Leahy Burlington International Airport,Burlington,US,334.6
36.861133,-116.786399,BTY,Beatty Airport,Beatty,US,3169
41.777577,-99.150212,BUB,Cram Field,Burwell,US,2183.3
42.940427,-78.73057,BUF,Buffalo Niagara International Airport,Buffalo,US,726.8
38.289767,-94.340128,BUM,Butler Memorial Airport,Butler,US,893.7
34.200694,-118.358667,BUR,Bob Hope Airport,Burbank,US,778
40.772472,-80.391444,BFP,Beaver County Airport,Beaver Falls,US,1252.7
36.763361,-96.011194,BVO,Bartlesville Municipal Airport,Bartlesville,US,716.9
48.470526,-122.421689,MVW,Skagit Regional Airport,Burlington/Mount Vernon,US,145.1
35.947308,-114.861084,BLD,Boulder City Municipal Airport,Boulder City,US,2203.1
35.726222,-91.647444,BVX,Batesville Regional Airport,Batesville,US,465
42.584141,-70.916144,BVY,Beverly Regional Airport,Beverly,US,107.2
32.992937,-115.517263,BWC,Brawley Municipal Airport,Brawley,US,-127.8
31.793611,-98.9565,BWD,Brownwood Regional Airport,Brownwood,US,1386.7
36.964528,-86.419667,BWG,Bowling Green-Warren County Regional Airport,Bowling Green,US,547.2
39.175728,-76.668991,BWI,Baltimore/Washington International Thurgood Marshall Airport,Baltimore,US,143.4
46.244294,-96.607156,WAH,Harry Stern Airport,Wahpeton,US,968.2
30.813686,-89.864964,BXA,George R Carr Memorial Air Field,Bogalusa,US,119
33.422534,-112.686234,BXK,Buckeye Municipal Airport,Buckeye,US,1033
43.892355,-69.93883,NHZ,Brunswick Executive Airport,Brunswick,US,74.7
64.078303,-141.113375,BYA,Boundary Airport,Boundary,US,2940
44.381083,-106.721806,BYG,Johnson County Airport,Buffalo,US,4970
35.964333,-89.943944,BYH,Arkansas International Airport,Blytheville,US,254.1
42.542611,-113.771528,BYI,Burley Municipal Airport,Burley,US,4153.5
35.28053,-116.630029,BYS,Bicycle Lake Army Air Field,Fort Irwin/Barstow,US,2350
28.973247,-95.863452,BBC,Bay City Regional Airport,Bay City,US,44.9
45.777236,-111.15026,BZN,Bozeman Yellowstone International Airport,Bozeman,US,4473.4
36.162111,-120.294833,CLG,New Coalinga Municipal Airport,Coalinga,US,624.8
44.275348,-85.418944,CAD,Wexford County Airport,Cadillac,US,1306.5
33.938838,-81.119536,CAE,Columbia Metro Airport,Columbia,US,235.9
40.495222,-107.521667,CIG,Craig-Moffat Airport,Craig,US,6197.5
40.915056,-81.443639,CAK,Akron-Canton Regional Airport,Akron,US,1225.5
36.446291,-103.149932,CAO,Clayton Municipal Airpark,Clayton,US,4969.8
46.871639,-68.018194,CAR,Caribou Municipal Airport,Caribou,US,620.3
39.615306,-78.761478,CBE,Greater Cumberland Regional Airport,Cumberland,US,775
41.260111,-95.758639,CBF,Council Bluffs Municipal Airport,Council Bluffs,US,1244.8
39.427459,-101.04662,CBK,Shalz Field,Colby,US,3188.2
33.645175,-88.445919,CBM,Columbus Afb Airport,Columbus,US,218
34.111609,-117.687388,CCB,Cable Airport,Upland,US,1443.5
37.989657,-122.056902,CCR,Buchanan Field,Concord,US,25.6
43.072504,-92.610809,CCY,Northeast Iowa Regional Airport,Charles City,US,1125.2
44.569114,-72.017979,LLX,Caledonia County Airport,Lyndonville,US,1187.6
37.70097,-113.098851,CDC,Cedar City Regional Airport,Cedar City,US,5622.3
33.622806,-92.763389,CDH,Harrell Field,Camden,US,129.6
29.134247,-83.050583,CDK,George T Lewis Airport,Cedar Key,US,11
34.283593,-80.564855,CDN,Woodward Field,Camden,US,302.5
42.837558,-103.095402,CDR,Chadron Municipal Airport,Chadron,US,3297.8
34.433778,-100.288,CDS,Childress Municipal Airport,Childress,US,1953.8
40.875225,-74.28135,CDW,Essex County Airport,Caldwell,US,172.3
37.648598,-97.250599,CEA,Cessna Acft Field,Wichita,US,1378
41.780167,-124.236528,CEC,Jack Mc Namara Field,Crescent City,US,60.7
42.194016,-72.534787,CEF,Westover Arb/Metro Airport,Springfield/Chicopee,US,241.1
34.672227,-82.885897,CEU,Oconee County Regional Airport,Clemson,US,890.6
39.698194,-85.131139,CEV,Mettel Field,Connersville,US,866.3
30.778831,-86.522113,CEW,Bob Sikes Airport,Crestview,US,213.5
36.664581,-88.372776,CEY,Kyle-Oakley Field,Murray,US,577.3
37.303002,-108.628044,CEZ,Cortez Municipal Airport,Cortez,US,5917.6
30.715694,-96.331361,CFD,Coulter Field,Bryan,US,366.7
43.458861,-83.445447,TZC,Tuscola Area Airport,Caro,US,704.3
32.957039,-109.211162,CFT,Greenlee County Airport,Clifton/Morenci,US,3797.8
37.094,-95.572,CFV,Coffeyville Municipal Airport,Coffeyville,US,754.4
55.478831,-133.147801,CGA,Craig Seaplane Base,Craig,US,0
38.539321,-76.030395,CGE,Cambridge-Dorchester Regional Airport,Cambridge,US,19.6
41.564583,-81.487222,CGF,Cuyahoga County Airport,Cleveland,US,876.1
37.225315,-89.570759,CGI,Cape Girardeau Regional Airport,Cape Girardeau,US,341.5
38.980478,-76.922169,CGS,College Park Airport,College Park,US,48.9
32.954898,-111.76682,CGZ,Casa Grande Municipal Airport,Casa Grande,US,1464.4
35.035194,-85.203556,CHA,Lovell Field,Chattanooga,US,682.5
35.09714,-97.967681,CHK,Chickasha Municipal Airport,Chickasha,US,1151.5
38.139643,-78.452344,CHO,Charlottesville-Albemarle Airport,Charlottesville,US,640.1
65.485907,-144.611685,CHP,Circle Hot Springs Airport,Circle Hot Springs,US,870.2
32.898639,-80.040528,CHS,Charleston Afb/International Airport,Charleston,US,46
39.795389,-121.858417,CIC,Chico Regional Airport,Chico,US,240.2
41.884694,-91.710806,CID,The Eastern Iowa Airport,Cedar Rapids,US,869.3
42.046667,-94.788694,CIN,Arthur N Neu Airport,Carroll,US,1203.7
37.064139,-89.219528,CIR,Cairo Regional Airport,Cairo,US,322
46.250752,-84.472384,CIU,Chippewa County International Airport,Sault Ste Marie,US,799.3
36.73569,-98.12361,CKA,Kegelman Af Aux Field,Cherokee,US,1202.9
39.297655,-80.227532,CKB,North Central West Virginia Airport,Clarksburg,US,1223.5
47.838432,-90.384578,GRM,Grand Marais/Cook County Airport,Grand Marais,US,1803
34.299722,-90.512306,CKM,Fletcher Field,Clarksdale,US,173.3
47.840834,-96.62221,CKN,Crookston Municipal/Kirkwood Field,Crookston,US,896.7
60.543644,-145.725854,CKU,Cordova Municipal Airport,Cordova,US,59
36.621865,-87.414948,CKV,Outlaw Field,Clarksville,US,549.9
64.066751,-141.951347,CKX,Chicken Airport,Chicken,US,1640
41.409407,-81.854691,CLE,Cleveland-Hopkins International Airport,Cleveland,US,799.5
44.613167,-88.730889,CLI,Clintonville Municipal Airport,Clintonville,US,825.9
35.538273,-98.932789,CLK,Clinton Regional Airport,Clinton,US,1615.5
30.588042,-96.362544,CLL,Easterwood Field,College Station,US,320.6
48.120194,-123.499694,CLM,William R Fairchild International Airport,Port Angeles,US,291.3
33.131333,-115.521389,CLR,Cliff Hatfield Memorial Airport,Calipatria,US,-181.8
46.677028,-122.98275,CLS,Chehalis-Centralia Airport,Chehalis,US,177.2
35.213187,-80.951379,CLT,Charlotte/Douglas International Airport,Charlotte,US,747.9
27.977214,-82.759057,CLW,Clearwater Executive Airport,Clearwater,US,71
39.996947,-82.892159,CMH,John Glenn Columbus International Airport,Columbus,US,815
40.038561,-88.276539,CMI,University Of Illinois/Willard Airport,Champaign/Urbana,US,754.9
47.168417,-88.489069,CMX,Houghton County Memorial Airport,Hancock,US,1095.1
43.958716,-90.737841,CMY,Sparta/Fort Mc Coy Airport,Sparta,US,839.4
43.370504,-72.368207,CNH,Claremont Municipal Airport,Claremont,US,543.3
39.549868,-97.652041,CNK,Blosser Municipal Airport,Concordia,US,1488.1
32.337444,-104.263361,CNM,Cavern City Air Trml Airport,Carlsbad,US,3294.6
33.974779,-117.636483,CNO,Chino Airport,Chino,US,650
37.667884,-95.486716,CNU,Chanute Martin Johnson Airport,Chanute,US,1002.5
31.637806,-97.074139,CNW,Tstc Waco Airport,Waco,US,470.2
38.757631,-109.753462,CNY,Canyonlands Regional Airport,Moab,US,4579.2
44.520194,-109.023813,COD,Yellowstone Regional Airport,Cody,US,5102.3
47.774306,-116.819583,COE,Coeur D'Alene/Pappy Boyington Field,Coeur D'Alene,US,2320.3
28.235009,-80.609976,COF,Patrick Space Force Base Airport,Cocoa Beach,US,7.8
28.3416,-80.685485,COI,Merritt Island Airport,Merritt Island,US,5.9
31.841139,-99.403611,COM,Coleman Municipal Airport,Coleman,US,1696.8
43.202722,-71.502278,CON,Concord Municipal Airport,Concord,US,341.7
38.805817,-104.700776,COS,City Of Colorado Springs Municipal Airport,Colorado Springs,US,6187
28.455722,-99.217222,COT,Cotulla-La Salle County Airport,Cotulla,US,474.3
38.817736,-92.217792,COU,Columbia Regional Airport,Columbia,US,889.4
33.889917,-118.243806,CPM,Compton/Woodley Airport,Compton,US,98.7
42.905875,-106.463649,CPR,Casper/Natrona County International Airport,Casper,US,5344
38.570361,-90.155083,CPS,St Louis Downtown Airport,Cahokia/St Louis,US,412.9
34.712861,-79.957,HCW,Cheraw Municipal/Lynch Bellinger Field,Cheraw,US,238.7
33.81175,-78.723944,CRE,Grand Strand Airport,North Myrtle Beach,US,31.6
30.336333,-81.514444,CRG,Jacksonville Executive At Craig Airport,Jacksonville,US,40.7
27.772182,-97.502422,CRP,Corpus Christi International Airport,Corpus Christi,US,46.2
33.12825,-117.280083,CLD,Mc Clellan-Palomar Airport,Carlsbad,US,330.5
32.028056,-96.400583,CRS,C David Campbell Field-Corsicana Municipal Airport,Corsicana,US,448.6
33.178333,-91.880194,CRT,Z M Jack Stell Field,Crossett,US,183.5
38.376013,-81.592894,CRW,West Virginia International Yeager Airport,Charleston,US,947.1
34.914967,-88.603484,CRX,Roscoe Turner Airport,Corinth,US,425.3
32.516328,-84.93887,CSG,Columbus Airport,Columbus,US,397.7
35.339839,-99.200499,CSM,Clinton/Sherman Airport,Burns Flat,US,1922.1
41.021444,-94.363306,CSQ,Creston Municipal Airport,Creston,US,1299.7
35.951291,-85.084977,CSV,Crossville Memorial-Whitson Field,Crossville,US,1881.7
48.608355,-112.376151,CTB,Cut Bank International Airport,Cut Bank,US,3857.8
40.569083,-90.074833,CTK,Ingersoll Airport,Canton,US,683.9
29.635528,-83.10475,CTY,Cross City Airport,Cross City,US,42.1
34.974935,-78.36563,CTZ,Clinton-Sampson County Airport,Clinton,US,144
33.970472,-80.99525,CUB,Jim Hamilton L B Owens Airport,Columbia,US,193.4
35.950028,-96.773417,CUH,Cushing Municipal Airport,Cushing,US,925.1
39.048837,-84.667821,CVG,Cincinnati/Northern Kentucky International Airport,Covington,US,896.1
36.893347,-121.410274,HLI,Hollister Municipal Airport,Hollister,US,230.6
36.264889,-91.562667,CKK,Sharp County Regional Airport,Ash Flat,US,717.1
34.42659,-103.07758,CVN,Clovis Regional Airport,Clovis,US,4215.8
44.496876,-123.289457,CVO,Corvallis Municipal Airport,Corvallis,US,249.9
34.382774,-103.322151,CVS,Cannon Afb Airport,Clovis,US,4295.3
44.777783,-89.665911,CWA,Central Wisconsin Airport,Mosinee,US,1277.2
33.860617,-98.490399,KIP,Kickapoo Downtown Airport,Wichita Falls,US,1003
30.210587,-93.143189,CWF,Chennault International Airport,Lake Charles,US,16.5
41.83075,-90.328972,CWI,Clinton Municipal Airport,Clinton,US,707.7
61.583203,-144.429803,CXC,Chitina Airport,Chitina,US,556
32.667444,-115.517583,CXL,Calexico International Airport,Calexico,US,5.7
30.353396,-95.415082,CXO,Conroe/North Houston Regional Airport,Houston,US,244.8
39.192304,-119.732571,CSN,Carson City Airport,Carson City,US,4704.4
40.217139,-76.851361,HAR,Capital City Airport,Harrisburg,US,346.7
41.155639,-104.810472,CYS,Cheyenne Regional/Jerry Olson Field,Cheyenne,US,6159.9
45.676944,-121.878889,CZK,Cascade Locks State Airport,Cascade Locks,US,151
62.07175,-142.04935,CZN,Chisana Airport,Chisana,US,3348
62.562333,-144.672444,CZO,Chistochina Airport,Chistochina,US,1860.7
28.52225,-99.823639,CZT,Dimmit County Airport,Carrizo Springs,US,598.1
48.380278,-102.897361,VEX,Tioga Municipal Airport,Tioga,US,2270.8
64.050117,-145.722465,DJN,Delta Junction Airport,Delta Junction,US,1150
38.714923,-77.180894,DAA,Davison Army Air Field,Fort Belvoir,US,73.5
29.179909,-81.058042,DAB,Daytona Beach International Airport,Daytona Beach,US,34.2
34.853722,-116.786694,DAG,Barstow-Daggett Airport,Daggett,US,1930
32.845945,-96.850877,DAL,Dallas Love Field,Dallas,US,486.9
36.572472,-79.33625,DAN,Danville Regional Airport,Danville,US,571.1
39.902252,-84.219412,DAY,James M Cox Dayton International Airport,Dayton,US,1009.1
32.564722,-82.984972,DBN,W H 'Bud' Barron Airport,Dublin,US,311
42.402,-90.709472,DBQ,Dubuque Regional Airport,Dubuque,US,1076.4
38.85144,-77.037721,DCA,Ronald Reagan Washington Ntl Airport,Washington,US,14.1
34.654056,-86.945361,DCU,Pryor Field Regional Airport,Decatur,US,592
37.763111,-99.965417,DDC,Dodge City Regional Airport,Dodge City,US,2595.5
39.834562,-88.865689,DEC,Decatur Airport,Decatur,US,681.9
43.2755,-91.739389,DEH,Decorah Municipal Airport,Decorah,US,1157.5
39.861667,-104.673167,DEN,Denver International Airport,Denver,US,5433.8
42.412364,-83.010598,DET,Coleman A Young Municipal Airport,Detroit,US,624.2
41.3375,-84.428806,DFI,Defiance Memorial Airport,Defiance,US,706.9
32.897233,-97.037695,DFW,Dallas-Fort Worth International Airport,Dallas-Fort Worth,US,606.4
31.342603,-109.506454,DGL,Douglas Municipal Airport,Douglas,US,4173
42.797194,-105.385833,DGW,Converse County Airport,Douglas,US,4932.7
31.321018,-85.449478,DHN,Dothan Regional Airport,Dothan,US,400.8
36.022472,-102.547389,DHT,Dalhart Municipal Airport,Dalhart,US,3991.1
46.800474,-102.804435,DIK,Dickinson/Theodore Roosevelt Regional Airport,Dickinson,US,2592.1
42.493944,-79.271111,DKK,Chautauqua County/Dunkirk Airport,Dunkirk,US,692.3
34.449056,-79.368583,DLL,Dillon County Airport,Dillon,US,133.1
29.359399,-100.777923,DLF,Laughlin Afb Airport,Del Rio,US,1081.7
46.84207,-92.193237,DLH,Duluth International Airport,Duluth,US,1427.8
45.255361,-112.5525,DLN,Dillon Airport,Dillon,US,5244.7
45.619355,-121.168276,DLS,Columbia Gorge Regional/The Dalles Municipal Airport,The Dalles,US,246.5
32.166364,-110.88317,DMA,Davis Monthan Afb Airport,Tucson,US,2704
32.262389,-107.719,DMN,Deming Municipal Airport,Deming,US,4314
38.707417,-93.175917,DMO,Sedalia Regional Airport,Sedalia,US,909.7
33.466583,-82.039389,DNL,Daniel Field,Augusta,US,422.3
34.722939,-84.870241,DNN,Dalton Municipal Airport,Dalton,US,709
41.986132,-95.380259,DNS,Denison Municipal Airport,Denison,US,1274.3
40.199827,-87.595166,DNV,Vermilion Regional Airport,Danville,US,696.9
39.129539,-75.465961,DOV,Dover Afb Airport,Dover,US,28.9
41.907053,-88.247995,DPA,Dupage Airport,Chicago/West Chicago,US,758.5
40.197382,-112.935054,DPG,Michael Army Air Field (Dugway Proving Ground) Airport,Dugway Proving Ground,US,4350.4
30.831723,-93.339916,DRI,Beauregard Regional Airport,De Ridder,US,201.8
46.009311,-83.743934,DRE,Drummond Island Airport,Drummond Island,US,668.4
37.151528,-107.753778,DRO,Durango-La Plata County Airport,Durango,US,6689.4
29.374207,-100.927157,DRT,Del Rio International Airport,Del Rio,US,1002.2
41.533973,-93.663072,DSM,Des Moines International Airport,Des Moines,US,957.9
42.570531,-77.713273,DSV,Dansville Municipal Airport,Dansville,US,659.8
39.38283,-112.502212,DTA,Delta Municipal Airport,Delta,US,4759.6
46.823046,-95.882786,DTL,Detroit Lakes/Wething Field,Detroit Lakes,US,1395.9
32.540822,-93.743835,DTN,Shreveport Downtown Airport,Shreveport,US,179.3
30.400055,-86.471472,DSI,Destin Executive Airport,Destin,US,22.6
42.212431,-83.353393,DTW,Detroit Metro Wayne County Airport,Detroit,US,645.2
33.939698,-96.395057,DUA,Durant Regional/Eaker Field,Durant,US,699.1
34.470873,-97.95986,DUC,Halliburton Field,Duncan,US,1114.3
31.468944,-109.60375,DUG,Bisbee Douglas International Airport,Douglas Bisbee,US,4150.2
41.178278,-78.898694,DUJ,Dubois Regional Airport,Dubois,US,1816.8
48.116591,-98.909988,DVL,Devils Lake Regional Airport,Devils Lake,US,1469.4
41.610278,-90.588361,DVN,Davenport Municipal Airport,Davenport,US,750.5
38.143576,-122.557091,NOT,Gnoss Field,Novato,US,4
43.9868,-95.78261,NSL,Slayton Municipal Airport,Slayton,US,1623
33.688306,-112.082556,DVT,Phoenix Deer Valley Airport,Phoenix,US,1478.1
30.061779,-95.552788,DWH,David Wayne Hooks Memorial Airport,Houston,US,152.4
41.371534,-73.482189,DXR,Danbury Municipal Airport,Danbury,US,456.7
40.333064,-75.122335,DYL,Doylestown Airport,Doylestown,US,393.5
32.418476,-99.856545,DYS,Dyess Afb Airport,Abilene,US,1790.3
31.582472,-102.909028,MIF,Roy Hurd Memorial Airport,Monahans,US,2614.5
31.411574,-102.360474,CCG,Crane County Airport,Crane,US,2554.7
36.026119,-106.045415,ESO,Ohkay Owingeh Airport,Espanola,US,5760.2
33.810608,-109.985744,WTR,Whiteriver Airport,Whiteriver,US,5153
30.384222,-103.683583,ALE,Alpine-Casparis Municipal Airport,Alpine,US,4514.4
34.592894,-113.171949,BGT,Bagdad Airport,Bagdad,US,4195.7
42.05552,-104.928283,EAN,Phifer Airfield,Wheatland,US,4779.3
40.727041,-99.00677,EAR,Kearney Regional Airport,Kearney,US,2131.8
47.398806,-120.206833,EAT,Pangborn Memorial Airport,Wenatchee,US,1248.9
44.865806,-91.48425,EAU,Chippewa Valley Regional Airport,Eau Claire,US,913.1
42.436414,-93.868967,EBS,Webster City Municipal Airport,Webster City,US,1121.5
36.260576,-76.174567,ECG,Elizabeth City Cg Air Station/Regional Airport,Elizabeth City,US,10.6
30.358241,-85.795602,ECP,Northwest Florida Beaches International Airport,Panama City,US,68.8
43.88425,-104.3145,ECS,Mondell Field,Newcastle,US,4177.5
30.397493,-97.566394,EDC,Austin Executive Airport,Austin,US,620
36.02859,-76.569767,EDE,Northeastern Regional Airport,Edenton,US,18.7
31.299722,-85.899833,ETS,Enterprise Municipal Airport,Enterprise,US,360.9
34.908088,-117.885529,EDW,Edwards Afb Airport,Edwards,US,2311
34.766347,-114.62328,EED,Needles Airport,Needles,US,983.1
42.898389,-72.270778,EEN,Dillant/Hopkins Airport,Keene,US,488
29.607333,-95.15875,EFD,Ellington Airport,Houston,US,32.5
44.888176,-72.228635,EFK,Northeast Kingdom International Airport,Newport,US,933.9
42.009833,-94.341806,EFW,Jefferson Municipal Airport,Jefferson,US,1047.3
39.64275,-106.915944,EGE,Eagle County Regional Airport,Eagle,US,6547.4
30.648587,-86.521959,EGI,"Duke Field,(Eglin Af Aux Nr 3) Airport",Crestview,US,195.3
45.932333,-89.268278,EGV,Eagle River Union Airport,Eagle River,US,1642.2
40.803398,-124.11279,EKA,Murray Field,Eureka,US,10.9
41.719406,-86.003219,EKI,Elkhart Municipal Airport,Elkhart,US,777.6
38.889444,-79.857139,EKN,Elkins/Randolph County (Jennings Randolph Field) Airport,Elkins,US,1987.2
40.824999,-115.791337,EKO,Elko Regional Airport,Elko,US,5139.8
37.686,-85.925028,EKX,Addington Field,Elizabethtown,US,775.9
29.600028,-96.321944,ELA,Eagle Lake Airport,Eagle Lake,US,184.1
33.221238,-92.811749,ELD,South Arkansas Regional At Goodwin Field,El Dorado,US,276.8
35.430778,-99.394278,ELK,Elk City Regional Business Airport,Elk City,US,2012.8
42.159855,-76.891748,ELM,Elmira/Corning Regional Airport,Elmira/Corning,US,955.1
47.034846,-120.528859,ELN,Bowers Field,Ellensburg,US,1763.2
47.824013,-91.829321,LYU,Ely Municipal Airport,Ely,US,1456
31.807333,-106.376361,ELP,El Paso International Airport,El Paso,US,3961.6
39.299688,-114.841878,ELY,Ely/Yelland Field,Ely,US,6259.7
42.109524,-77.989979,ELZ,Wellsville Municipal/Tarantine Field,Wellsville,US,2124.5
41.824083,-110.556944,EMM,Kemmerer Municipal Airport,Kemmerer,US,7288.7
38.330563,-96.189932,EMP,Emporia Municipal Airport,Emporia,US,1207.7
34.086009,-118.034845,EMT,San Gabriel Valley Airport,El Monte,US,295.6
36.339806,-97.917239,END,Vance Afb Airport,Enid,US,1312.7
38.515083,-89.091139,ENL,Centralia Municipal Airport,Centralia,US,534.1
40.718725,-114.028674,ENV,Wendover Airport,Wendover,US,4236.7
42.596063,-87.927324,ENW,Kenosha Regional Airport,Kenosha,US,742.6
40.459908,-91.428501,EOK,Keokuk Municipal Airport,Keokuk,US,671.9
36.810806,-94.391694,EOS,Neosho Hugh Robinson Airport,Neosho,US,1254.6
47.308072,-119.516914,EPH,Ephrata Municipal Airport,Ephrata,US,1276.2
37.774111,-96.817722,EDK,El Dorado/Capt Jack Thomas Memorial Airport,El Dorado,US,1379.3
42.083083,-80.173944,ERI,Erie International/Tom Ridge Field,Erie,US,732.1
44.792167,-71.164525,ERR,Errol Airport,Errol,US,1248
29.976667,-99.085472,ERV,Kerrville Municipal/Louis Schreiner Field,Kerrville,US,1616.8
45.722674,-87.093716,ESC,Delta County Airport,Escanaba,US,609.1
31.394904,-92.295773,ESF,Esler Regional Airport,Alexandria,US,111.8
38.80416,-76.06899,ESN,Easton/Newnam Field,Easton,US,72.2
43.407472,-94.746389,EST,Estherville Municipal Airport,Estherville,US,1318.8
47.254184,-121.185532,ESW,Easton State Airport,Easton,US,2226
43.422174,-88.127926,ETB,West Bend Municipal Airport,West Bend,US,887.9
32.414889,-98.809694,ETN,Eastland Municipal Airport,Eastland,US,1467.9
31.951306,-85.128917,EUF,Weedon Field,Eufaula,US,285.2
44.124583,-123.211972,EUG,Mahlon Sweet Field,Eugene,US,373.7
47.424167,-92.496556,EVM,Eveleth/Virginia Municipal Airport,Eveleth,US,1376
38.040804,-87.528494,EVV,Evansville Regional Airport,Evansville,US,421.7
41.274791,-111.034631,EVW,Evanston-Uinta County Burns Field,Evanston,US,7142.7
41.676566,-70.957836,EWB,New Bedford Regional Airport,New Bedford,US,79.1
38.057101,-97.275228,EWK,Newton-City-County Airport,Newton,US,1533.5
35.072854,-77.04302,EWN,Coastal Carolina Regional Airport,New Bern,US,17.9
40.692481,-74.168688,EWR,Newark Liberty International Airport,Newark,US,17.5
24.55612,-81.759956,EYW,Key West International Airport,Key West,US,3.4
34.225667,-99.28375,WIB,Wilbarger County Airport,Vernon,US,1264.7
32.451475,-98.681512,RGR,Ranger Municipal Airport,Ranger,US,1470
33.574179,-117.128473,RBK,French Valley Airport,Murrieta/Temecula,US,1349.5
37.132609,-76.608936,FAF,Felker Army Air Field,Fort Eustis,US,11.6
37.760892,-90.428668,FAM,Farmington Regional Airport,Farmington,US,945.7
46.920639,-96.81575,FAR,Hector International Airport,Fargo,US,901.3
36.776556,-119.718833,FAT,Fresno Yosemite International Airport,Fresno,US,335.5
34.991211,-78.880274,FAY,Fayetteville Regional/Grannis Field,Fayetteville,US,189.4
35.132096,-78.935346,FBG,Simmons Army Air Field,Fort Bragg,US,243.3
44.328969,-93.313074,FBL,Faribault Municipal-Liz Wall Strohfus Field,Faribault,US,1060.1
41.393333,-110.405972,FBR,Fort Bridger Airport,Fort Bridger,US,7038
40.181972,-97.167889,FBY,Fairbury Municipal Airport,Fairbury,US,1478.6
36.732124,-119.820333,FCH,Fresno Chandler Executive Airport,Fresno,US,279.8
44.827507,-93.458572,FCM,Flying Cloud Airport,Minneapolis,US,906.2
38.678304,-104.756481,FCS,Butts Army Air Field (Fort Carson) Airport,Fort Carson,US,5874.3
34.941998,-90.774966,FCY,Hutfly Airport,Forrest City,US,249.2
39.417021,-77.374732,FDK,Frederick Municipal Airport,Frederick,US,308.9
34.352096,-98.983909,FDR,Frederick Regional Airport,Frederick,US,1258
41.012028,-83.668611,FDY,Findlay Airport,Findlay,US,812.8
42.246115,-89.581977,FEP,Albertus Airport,Freeport,US,859
41.449944,-96.521194,FET,Fremont Municipal Airport,Fremont,US,1204
36.017583,-75.671583,FFA,First Flight Airport,Kill Devil Hills,US,11.9
41.05572,-91.980822,FFL,Fairfield Municipal Airport,Fairfield,US,800.9
46.284395,-96.156688,FFM,Fergus Falls Regional Airport,Fergus Falls,US,1182.4
39.825971,-84.046103,FFO,Wright-Patterson Afb Airport,Dayton,US,823.3
38.181732,-84.90675,FFT,Capital City Airport,Frankfort,US,812.5
33.460841,-111.728325,MSC,Falcon Field,Mesa,US,1394
48.521972,-123.024361,FRD,Friday Harbor Airport,Friday Harbor,US,112.7
31.588472,-110.344389,FHU,Sierra Vista Municipal-Libby Army Air Field,Fort Huachuca Sierra Vista,US,4719.1
41.377417,-79.860639,FKL,Venango Regional Airport,Franklin,US,1540.2
36.700296,-76.902136,FKN,Franklin Regional Airport,Franklin,US,40.3
43.771174,-88.488418,FLD,Fond Du Lac County Airport,Fond Du Lac,US,808.6
35.140316,-111.669241,FLG,Flagstaff Pulliam Airport,Flagstaff,US,7014.7
26.071667,-80.149694,FLL,Fort Lauderdale/Hollywood International Airport,Fort Lauderdale,US,65
34.185363,-79.723883,FLO,Florence Regional Airport,Florence,US,146.6
36.290889,-92.59025,FLP,Marion County Regional Airport,Flippin,US,719.9
62.452781,-157.986747,FLT,Flat Airport,Flat,US,343
39.367576,-94.91434,FLV,Sherman Army Air Field,Fort Leavenworth,US,771
39.499169,-118.748792,FLX,Fallon Municipal Airport,Fallon,US,3966.4
39.085334,-76.75946,FME,Fort Meade Executive Airport,Fort Meade (Odenton),US,149.5
41.659139,-70.522806,FMH,Cape Cod Coast Guard Air Station,Falmouth,US,130.2
36.741251,-108.229942,FMN,Four Corners Regional Airport,Farmington,US,5506.6
26.586615,-81.863247,FMY,Page Field,Fort Myers,US,17
40.451816,-105.011326,FNL,Northern Colorado Regional Airport,Fort Collins/Loveland,US,5020.3
42.965464,-83.744738,FNT,Bishop International Airport,Flint,US,782.1
42.551194,-94.191833,FOD,Fort Dodge Regional Airport,Fort Dodge,US,1156.3
38.950949,-95.663614,FOE,Topeka Regional Airport,Topeka,US,1077.9
40.843619,-72.631812,FOK,Francis S Gabreski Airport,Westhampton Beach,US,66.1
38.958139,-112.363139,FIL,Fillmore Municipal Airport,Fillmore,US,4984.5
27.497472,-80.372639,FPR,Treasure Coast International Airport,Fort Pierce,US,23.4
30.070812,-83.581544,FPY,Perry-Foley Airport,Perry,US,44.3
40.729274,-73.413421,FRG,Republic Airport,Farmingdale,US,81.6
38.506222,-86.636944,FRH,French Lick Municipal Airport,French Lick,US,792.2
39.052639,-96.764508,FRI,Marshall Army Air Field,Fort Riley (Junction City),US,1066
43.643938,-94.415616,FRM,Fairmont Municipal Airport,Fairmont,US,1161.8
38.917512,-78.253373,FRR,Front Royal-Warren County Airport,Front Royal,US,703.6
43.582018,-96.741925,FSD,Joe Foss Field,Sioux Falls,US,1430
34.649827,-98.402185,FSI,Henry Post Army Air Field (Fort Sill) Airport,Fort Sill,US,1188.3
37.798361,-94.769361,FSK,Fort Scott Municipal Airport,Fort Scott,US,918
35.336647,-94.366109,FSM,Fort Smith Regional Airport,Fort Smith,US,469
30.91525,-102.912778,FST,Fort Stockton-Pecos County Airport,Fort Stockton,US,3011
34.488751,-104.216418,FSU,Fort Sumner Municipal Airport,Fort Sumner,US,4164.7
40.659111,-91.32775,FMS,Fort Madison Municipal Airport,Fort Madison,US,721.8
37.907065,-85.972036,FTK,Godman Army Air Field,Fort Knox,US,754.3
32.81977,-97.36245,FTW,Fort Worth Meacham International Airport,Fort Worth,US,710.1
33.780119,-84.520708,FTY,Fulton County Executive/Charlie Brown Field,Atlanta,US,841.1
33.872014,-117.979784,FUL,Fullerton Municipal Airport,Fullerton,US,96
47.2855,-68.312722,WFK,Northern Aroostook Regional Airport,Frenchville,US,987.2
40.978472,-85.195167,FWA,Fort Wayne International Airport,Fort Wayne,US,814.5
26.197279,-80.170706,FXE,Fort Lauderdale Executive Airport,Fort Lauderdale,US,13.4
43.234757,-93.624104,FXY,Forest City Municipal/Trimble Field,Forest City,US,1229.2
35.059694,-86.564,FYM,Fayetteville Municipal Airport,Fayetteville,US,983.9
36.005096,-94.170063,FYV,Drake Field,Fayetteville,US,1252
38.922264,-117.958561,GAB,Gabbs Airport,Gabbs,US,4699.3
33.970405,-86.091289,GAD,Northeast Alabama Regional Airport,Gadsden,US,569.2
36.295765,-99.776496,GAG,Gage Airport,Gage,US,2223.2
39.168333,-77.166,GAI,Montgomery County Airpark,Gaithersburg,US,538.7
38.344251,-98.859197,GBD,Great Bend Municipal Airport,Great Bend,US,1886.7
40.938001,-90.431124,GBG,Harrel W Timmons Galesburg Regional Airport,Galesburg,US,764.3
42.184214,-73.403241,GBR,Great Barrington Airport,Great Barrington,US,739.4
44.348908,-105.539367,GCC,Northeast Wyoming Regional Airport,Gillette,US,4365.1
44.402983,-118.967655,JDA,Grant County Regional/Ogilvie Field,John Day,US,3702.5
37.927528,-100.724417,GCK,Garden City Regional Airport,Garden City,US,2890.8
35.952361,-112.146972,GCN,Grand Canyon Ntl Park Airport,Grand Canyon,US,6608.9
36.195722,-82.811361,GCY,Greeneville Municipal Airport,Greeneville,US,1607.5
42.549883,-72.016019,GDM,Gardner Municipal Airport,Gardner,US,954.1
47.138722,-104.807222,GDV,Dawson Community Airport,Glendive,US,2458.3
43.970589,-84.47502,GDW,Gladwin Zettel Memorial Airport,Gladwin,US,774.1
38.687633,-75.359304,GED,Delaware Coastal Airport,Georgetown,US,53.3
47.619028,-117.535222,GEG,Spokane International Airport,Spokane,US,2385
44.517944,-108.083,GEY,South Big Horn County Airport,Greybull,US,3941.8
39.790321,-85.736089,GFD,Pope Field,Greenfield,US,895
47.947868,-97.175692,GFK,Grand Forks International Airport,Grand Forks,US,845.1
43.341222,-73.610306,GFL,Floyd Bennett Memorial Airport,Glens Falls,US,328.4
33.311417,-79.320306,GGE,Georgetown County Airport,Georgetown,US,39.5
32.384,-94.7115,GGG,East Texas Regional Airport,Longview,US,365.5
48.212444,-106.614806,GGW,Wokal Field/Glasgow-Valley County Airport,Glasgow,US,2295.9
35.837416,-87.445377,GHM,Centerville Municipal Airport,Centerville,US,765
45.942667,-116.123028,IDH,Idaho County Airport,Grangeville,US,3313.1
28.06292,-81.753314,GIF,Winter Haven Regional Airport,Winter Haven,US,145.5
39.121499,-108.525486,GJT,Grand Junction Regional Airport,Grand Junction,US,4861.4
41.626528,-80.214722,MEJ,Port Meadville Airport,Meadville,US,1399.4
35.857759,-83.528703,GKT,Gatlinburg-Pigeon Forge Airport,Sevierville,US,1013.9
39.370741,-101.698734,GLD,Renner Field/Goodland Municipal Airport,Goodland,US,3657.6
33.652194,-97.197278,GLE,Gainesville Municipal Airport,Gainesville,US,845.5
33.485247,-90.984486,GLH,Greenville Mid-Delta Airport,Greenville,US,130.7
45.013028,-84.703444,GLR,Gaylord Regional Airport,Gaylord,US,1328.1
29.265333,-94.860417,GLS,Scholes International At Galveston Airport,Galveston,US,5.6
37.031776,-85.953756,GLW,Glasgow Municipal Airport,Glasgow,US,716.2
34.847932,-82.349998,GMU,Greenville Downtown Airport,Greenville,US,1048
42.917081,-114.766338,GNG,Gooding Municipal Airport,Gooding,US,3732.3
35.167278,-107.902056,GNT,Grants-Milan Municipal Airport,Grants,US,6536.9
59.117861,-161.573667,GNU,Goodnews Airport,Goodnews,US,18.1
29.690056,-82.271778,GNV,Gainesville Regional Airport,Gainesville,US,151.4
35.851523,-97.416178,GOK,Guthrie/Edmond Regional Airport,Guthrie,US,1069.2
41.330056,-72.045139,GON,Groton-New London Airport,Groton (New London),US,9.1
48.3105,-114.256,FCA,Glacier Park International Airport,Kalispell,US,2976.8
30.407269,-89.070096,GPT,Gulfport-Biloxi International Airport,Gulfport,US,28
47.209284,-93.509945,GPZ,Grand Rapids/Itasca County-Gordon Newstrom Field,Grand Rapids,US,1355.7
40.753389,-82.723806,GQQ,Galion Municipal Airport,Galion,US,1224
44.484634,-88.129713,GRB,Green Bay/Austin Straubel International Airport,Green Bay,US,695.1
34.250394,-82.157809,GRD,Greenwood County Airport,Greenwood,US,631.2
38.836222,-89.378889,GRE,Greenville Airport,Greenville,US,540.8
47.079219,-122.580783,GRF,Gray Army Air Field (Joint Base Lewis-Mcchord) Airport,Fort Lewis/Tacoma,US,301
40.967543,-98.309639,GRI,Central Nebraska Regional Airport,Grand Island,US,1847.1
31.06725,-97.828917,GRK,Robert Gray Army Air Field,Fort Hood (Killeen),US,1015.2
42.805978,-102.17525,GRN,Gordon Municipal Airport,Gordon,US,3562.4
42.880833,-85.522806,GRR,Gerald R Ford International Airport,Grand Rapids,US,793.6
35.339385,-77.960594,GSB,Seymour Johnson Afb Airport,Goldsboro,US,109
41.526133,-85.794325,GSH,Goshen Municipal Airport,Goshen,US,826.4
36.101327,-79.941123,GSO,Piedmont Triad International Airport,Greensboro,US,925.5
34.895671,-82.218859,GSP,Greenville Spartanburg International Airport,Greer,US,963.6
47.482299,-111.370279,GTF,Great Falls International Airport,Great Falls,US,3680
45.798378,-92.664331,GTG,Grantsburg Municipal Airport,Grantsburg,US,927.1
33.448278,-88.591389,GTR,Golden Triangle Regional Airport,Columbus/W Point/Starkville,US,264
38.534333,-106.93175,GUC,Gunnison-Crested Butte Regional Airport,Gunnison,US,7679.6
35.511058,-108.789309,GUP,Gallup Municipal Airport,Gallup,US,6472.6
40.648092,-86.152119,GUS,Grissom Arb Airport,Peru,US,810.6
36.684155,-101.506969,GUY,Guymon Municipal Airport,Guymon,US,3125.4
38.155984,-78.16578,GVE,Gordonsville Municipal Airport,Gordonsville,US,452
34.272626,-83.830226,GVL,Lee Gilmer Memorial Airport,Gainesville,US,1276.9
33.067833,-96.065333,GVT,Majors Airport,Greenville,US,534.9
33.493309,-90.086677,GWO,Greenwood-Leflore Airport,Greenwood,US,162
39.506,-107.309083,GWS,Kgws Sumers Airpark,Glenwood Springs,US,5916
40.437417,-104.633222,GXY,Greeley-Weld County Airport,Greeley,US,4696.8
34.758313,-82.376414,GDC,Donaldson Field,Greenville,US,955.9
33.71409,-96.674035,PNX,North Texas Regional/Perrin Field,Sherman/Denison,US,749.3
33.423278,-112.375361,GYR,Phoenix Goodyear Airport,Goodyear,US,969.1
41.61725,-87.414528,GYY,Gary/Chicago International Airport,Gary/Chicago,US,596.8
34.116944,-87.998222,HAB,Marion County-Rankin Fite Airport,Hamilton,US,436
37.513444,-122.501167,HAF,Half Moon Bay Airport,Half Moon Bay,US,66.3
41.95974,-85.593062,HAI,Three Rivers Municipal/Dr Haines Airport,Three Rivers,US,822.7
39.36375,-84.521944,HAO,Butler County Regional/Hogan Field,Hamilton,US,631.8
31.264944,-89.252889,HBG,Hattiesburg Bobby L Chain Municipal Airport,Hattiesburg,US,150.8
34.989917,-99.053059,HBR,Hobart Regional Airport,Hobart,US,1563.2
40.451808,-99.336028,HDE,Brewster Field,Holdrege,US,2313.7
40.481194,-107.217667,HDN,Yampa Valley Airport,Hayden,US,6606.3
34.576492,-90.675889,HEE,Thompson-Robbins Airport,Helena/West Helena,US,241.7
38.721025,-77.515105,MNZ,Manassas Regional/Harry P Davis Field,Washington,US,192.2
31.613661,-91.297336,HEZ,Hardy-Anders Field/Natchez-Adams County Airport,Natchez,US,272.4
41.736722,-72.649444,HFD,Hartford-Brainard Airport,Hartford,US,18.3
35.036302,-79.497513,HFF,Mackall Army Air Field,Camp Mackall,US,376
39.7085,-77.7265,HGR,Hagerstown Regional/Richard A Henson Field,Hagerstown,US,703.1
33.922861,-118.335083,HHR,Jack Northrop Field/Hawthorne Municipal Airport,Hawthorne,US,65.9
34.033639,-95.542056,HUJ,Stan Stamper Municipal Airport,Hugo,US,572.2
47.386575,-92.838978,HIB,Range Regional Airport,Hibbing,US,1353.7
44.367556,-71.545806,HIE,Mount Washington Regional Airport,Whitefield,US,1072
41.12394,-111.973056,HIF,Hill Afb Airport,Ogden,US,4789
34.571124,-114.358277,HII,Lake Havasu City Airport,Lake Havasu City,US,782.8
45.542122,-122.950722,HIO,Portland-Hillsboro Airport,Portland,US,207.9
35.940414,-89.830799,HKA,Blytheville Municipal Airport,Blytheville,US,255.7
32.334778,-90.222528,HKS,Hawkins Field,Jackson,US,341.3
35.741146,-81.389551,HKY,Hickory Regional Airport,Hickory,US,1189.6
39.343111,-85.258417,HLB,Batesville Airport,Batesville,US,975
39.380194,-99.831472,HLC,Hill City Municipal Airport,Hill City,US,2238.4
40.175011,-80.646268,HLG,Wheeling Ohio County Airport,Wheeling,US,1194.3
46.606722,-111.983278,HLN,Helena Regional Airport,Helena,US,3877.3
31.137591,-97.714089,HLR,Yoakum-Defrenn Army Heliport,Fort Hood (Killeen),US,910
32.851858,-106.108542,HMN,Holloman Afb Airport,Alamogordo,US,4092.6
33.734028,-117.022306,HMT,Hemet-Ryan Airport,Hemet,US,1514.8
38.249017,-86.952819,HNB,Huntingburg Airport,Huntingburg,US,529.1
35.972855,-115.134385,HSH,Henderson Executive Airport,Las Vegas,US,2491.4
32.687349,-103.217529,HOB,Lea County Regional Airport,Hobbs,US,3660.7
44.385194,-98.228556,HON,Huron Regional Airport,Huron,US,1288.7
36.672956,-87.49182,HOP,Campbell Army Air Field (Fort Campbell) Airport,Fort Campbell/Hopkinsville,US,571
34.478028,-93.096222,HOT,Memorial Field,Hot Springs,US,540.3
29.6458,-95.277232,HOU,William P Hobby Airport,Houston,US,46.3
41.066953,-73.707566,HPN,Westchester County Airport,White Plains,US,439
42.723694,-93.226333,HPT,Hampton Municipal Airport,Hampton,US,1176.3
29.786083,-94.952667,HPY,Baytown Airport,Baytown,US,33.8
46.971194,-123.936556,HQM,Bowerman Field,Hoquiam,US,17.8
45.828222,-119.259167,HES,Hermiston Municipal Airport,Hermiston,US,644.4
26.226559,-97.655312,HRL,Valley International Airport,Harlingen,US,36.3
36.261521,-93.154729,HRO,Boone County Airport,Harrison,US,1364.5
37.811256,-88.55026,HSB,Harrisburg-Raleigh Airport,Harrisburg,US,398
35.232806,-75.617806,HNC,Billy Mitchell Airport,Hatteras,US,16.3
43.713611,-108.389694,THP,Hot Springs County Airport,Thermopolis,US,4891.9
40.60525,-98.427889,HSI,Hastings Municipal Airport,Hastings,US,1961.2
37.951453,-79.833889,HSP,Ingalls Field,Hot Springs,US,3792.4
25.488551,-80.383566,HST,Homestead Arb Airport,Homestead,US,5.6
34.637197,-86.775054,HSV,Huntsville International-Carl T Jones Field,Huntsville,US,628.9
38.545077,-118.632403,HTH,Hawthorne Industrial Airport,Hawthorne,US,4230.4
44.359869,-84.669483,HTL,Roscommon County/Blodgett Memorial Airport,Houghton Lake,US,1149.7
38.368508,-82.56036,HTS,Tri-State/Milton J Ferguson Field,Huntington,US,828.3
38.419111,-82.494833,HTW,Lawrence County Airpark,Chesapeake/Huntington Wva,US,567.1
34.678661,-86.684791,HUA,Redstone Army Air Field,Redstone Arsnl Huntsville,US,685.4
39.450632,-87.30699,HUF,Terre Haute Regional Airport,Terre Haute,US,589.2
46.124607,-67.79236,HUL,Houlton International Airport,Houlton,US,489.4
29.566502,-90.660427,HUM,Houma-Terrebonne Airport,Houma,US,8.5
38.066155,-97.86049,HUT,Hutchinson Regional Airport,Hutchinson,US,1542.5
38.419417,-110.702917,HVE,Hanksville Airport,Hanksville,US,4453.6
41.263725,-72.887729,HVN,Tweed/New Haven Airport,New Haven,US,12.6
48.542985,-109.762342,HVR,Havre City-County Airport,Havre,US,2591.3
34.403083,-80.119222,HVS,Hartsville Regional Airport,Hartsville,US,363.5
37.658932,-122.121739,HWD,Hayward Executive Airport,Hayward,US,52.1
26.001262,-80.240694,HWO,North Perry Airport,Hollywood,US,8.5
40.821954,-72.866907,WSH,Brookhaven Airport,Shirley,US,81.3
32.224495,-80.697401,HHH,Hilton Head Airport,Hilton Head Island,US,19.3
41.669337,-70.280359,HYA,Cape Cod Gateway Airport,Hyannis,US,54.1
55.490417,-132.623556,HYL,Clark Bay Seaplane Base,Hollis,US,0
46.025267,-91.444261,HYR,Sawyer County Airport,Hayward,US,1215.9
38.842222,-99.273167,HYS,Hays Regional Airport,Hays,US,1999.1
40.986773,-75.994703,HZL,Hazleton Regional Airport,Hazleton,US,1603.4
41.777778,-80.696778,JFN,Northeast Ohio Regional Airport,Ashtabula,US,926
38.849786,-87.499776,OTN,Ed-Air Airport,Oaktown,US,426
37.623116,-97.267629,IAB,Mc Connell Afb Airport,Wichita,US,1371.5
38.947456,-77.459929,IAD,Washington Dulles International Airport,Washington,US,312.3
43.108414,-78.946196,IAG,Niagara Falls International Airport,Niagara Falls,US,592.3
29.984435,-95.341442,IAH,George Bush Intcntl/Houston Airport,Houston,US,95.8
40.722194,-95.026611,ICL,Schenck Field,Clarinda,US,995.9
37.649952,-97.433043,ICT,Wichita Dwight D Eisenhower Ntl Airport,Wichita,US,1332.6
43.513673,-112.07082,IDA,Idaho Falls Regional Airport,Idaho Falls,US,4743.7
42.332598,-95.444888,IDG,Ida Grove Municipal Airport,Ida Grove,US,1245
40.631061,-79.101526,IDI,Indiana County/Jimmy Stewart Field,Indiana,US,1419.3
37.157926,-95.77895,IDP,Independence Municipal Airport,Independence,US,824.7
43.021274,-102.506606,XPR,Pine Ridge Airport,Pine Ridge,US,3332.5
42.471356,-93.270723,IFA,Iowa Falls Municipal Airport,Iowa Falls,US,1137.4
35.154614,-114.559332,IFP,Laughlin/Bullhead International Airport,Bullhead City,US,707.1
35.259478,-113.93805,IGM,Kingman Airport,Kingman,US,3448.8
39.774611,-90.238278,IJX,Jacksonville Municipal Airport,Jacksonville,US,623.9
41.071389,-87.846278,IKK,Greater Kankakee Airport,Kankakee,US,629.5
31.085833,-97.6865,ILE,Skylark Field,Killeen,US,847.5
39.67871,-75.606635,ILG,New Castle Airport,Wilmington,US,79.9
34.271139,-77.902889,ILM,Wilmington International Airport,Wilmington,US,31.7
39.427917,-83.792111,ILN,Wilmington Air Park,Wilmington,US,1076.7
40.510326,-101.620146,IML,Imperial Municipal Airport,Imperial,US,3276
26.433712,-81.400478,IMM,Immokalee Regional Airport,Immokalee,US,37.1
38.759917,-85.464694,MDN,Madison Regional Airport,Madison,US,819.1
45.818356,-88.114544,IMT,Ford Airport,Iron Mountain Kingsford,US,1182
39.717306,-86.294639,IND,Indianapolis International Airport,Indianapolis,US,796.2
31.779806,-103.201694,INK,Winkler County Airport,Wink,US,2821.6
48.565588,-93.402179,INL,Falls International/Einarson Field,International Falls,US,1184.4
36.586344,-115.677371,INS,Creech Afb Airport,Indian Springs,US,3134.1
36.133714,-80.221988,INT,Smith Reynolds Airport,Winston Salem,US,969.4
35.02191,-110.722516,INW,Winslow-Lindbergh Regional Airport,Winslow,US,4941.1
41.639632,-91.547889,IOW,Iowa City Municipal Airport,Iowa City,US,683.7
32.834222,-115.57875,IPL,Imperial County Airport,Imperial,US,-53.6
41.241667,-76.921806,IPT,Williamsport Regional Airport,Williamsport,US,528.1
40.093472,-92.544917,IRK,Kirksville Regional Airport,Kirksville,US,966.3
41.813288,-85.438961,IRS,Kirsch Municipal Airport,Sturgis,US,924.8
28.289807,-81.437081,ISM,Kissimmee Gateway Airport,Orlando,US,82.1
35.331433,-77.60883,ISO,Kinston Regional Jetport At Stallings Field,Kinston,US,92.9
40.796136,-73.100665,ISP,Long Island Mac Arthur Airport,New York,US,98.7
45.974639,-86.171833,ISQ,Schoolcraft County Airport,Manistique,US,684.3
44.360355,-89.839039,ISW,Alexander Field South Wood County Airport,Wisconsin Rapids,US,1021
42.491361,-76.458722,ITH,Ithaca Tompkins International Airport,Ithaca,US,1099
33.307824,-111.655459,AZA,Mesa Gateway Airport,Phoenix,US,1384.1
46.527481,-90.131394,IWD,Gogebic/Iron County Airport,Ironwood,US,1230.3
43.961417,-69.712556,ISS,Wiscasset Airport,Wiscasset,US,70.2
29.818194,-95.672611,IWS,West Houston Airport,Houston,US,111
36.329792,-77.635231,RZZ,Halifax/Northampton Regional Airport,Roanoke Rapids,US,144.3
38.830917,-94.890306,JCI,New Century Aircenter Airport,Olathe,US,1087.3
35.658741,-117.829532,IYK,Inyokern Airport,Inyokern,US,2457
34.606815,-120.07555,SQA,Santa Ynez/Kunkle Field,Santa Ynez,US,674.3
43.991139,-70.947889,FRY,White Mountain Regional Airport,Fryeburg,US,454.6
43.607337,-110.737749,JAC,Jackson Hole Airport,Jackson,US,6451.3
32.311167,-90.075889,JAN,Jackson-Medgar Wiley Evers International Airport,Jackson,US,346.4
30.885694,-94.034944,JAS,Jasper County/Bell Field,Jasper,US,212.6
30.494046,-81.687847,JAX,Jacksonville International Airport,Jacksonville,US,29.6
35.831711,-90.646422,JBR,Jonesboro Municipal Airport,Jonesboro,US,262.1
30.511111,-99.762889,JCT,Kimble County Airport,Junction,US,1753.6
47.32875,-106.952694,JDN,Jordan Airport,Jordan,US,2667
38.591174,-92.156145,JEF,Jefferson City Memorial Airport,Jefferson City,US,549.4
40.639928,-73.778692,JFK,John F Kennedy International Airport,New York,US,13
42.153394,-79.258023,JHW,Chautauqua County/Jamestown Airport,Jamestown,US,1723.3
30.289639,-87.671778,GUF,Gulf Shores International/Jack Edwards Field,Gulf Shores,US,17.1
60.484264,-149.7229,JLA,Quartz Creek Airport,Cooper Landing,US,466
37.153167,-94.498807,JLN,Joplin Regional Airport,Joplin,US,977.9
46.929722,-98.678194,JMS,Jamestown Regional Airport,Jamestown,US,1499.9
41.517741,-88.175397,JOT,Joliet Regional Airport,Joliet,US,582.3
40.959417,-72.251667,HTO,East Hampton Town Airport,East Hampton,US,54.9
35.38777,-80.709132,USA,Concord-Padgett Regional Airport,Concord,US,704.2
31.86933,-95.217405,JKV,Cherokee County Airport,Jacksonville,US,677.6
40.315556,-78.834667,JST,John Murtha Johnstown/Cambria County Airport,Johnstown,US,2284.2
42.620253,-89.041567,JVL,Southern Wisconsin Regional Airport,Janesville,US,807.8
42.260443,-84.462139,JXN,Jackson County/Reynolds Field,Jackson,US,1000.8
42.629242,-74.890988,COP,Cooperstown-Westville Airport,Cooperstown,US,1260
64.896747,-163.703499,CIL,Council Airport,Council,US,100
56.972996,-133.945615,KAE,Kake Seaplane Base,Kake,US,0
56.310967,-158.534486,KCL,Chignik Lagoon Airport,Chignik Lagoon,US,27.7
63.567723,-155.989044,KCR,Colorado Creek Airport,Colorado Creek,US,860
59.352148,-151.925156,KEB,Nanwalek Airport,Nanwalek,US,27
59.356839,-157.471139,KEK,Ekwok Airport,Ekwok,US,141
61.455134,-142.380951,KGZ,Glacier Creek Airport,Glacier Creek,US,2380
36.228556,-121.121306,KIC,Mesa Del Rey Airport,King City,US,374.2
58.811192,-158.558842,KKU,Ekuk Airport,Ekuk,US,30
46.118,-122.898361,KLS,Southwest Washington Regional Airport,Kelso,US,20.1
37.010511,-112.531478,KNB,Kanab Municipal Airport,Kanab,US,4867.7
57.770109,-153.548948,KWP,West Point Village Seaplane Base,West Point,US,0
36.4605,-116.879806,DTH,Furnace Creek Airport,Death Valley National Park,US,-210
33.259028,-116.320972,BXS,Borrego Valley Airport,Borrego Springs,US,522.2
34.263778,-116.856028,RBF,Big Bear City Airport,Big Bear City,US,6752.4
35.527235,-113.247503,PGS,Grand Canyon Caverns Airport,Peach Springs,US,5397
36.810806,-111.644444,MYH,Marble Canyon Airport,Marble Canyon,US,3603
35.812667,-117.326917,TRH,Trona Airport,Trona,US,1717.8
38.069704,-102.688494,LAA,Southeast Colorado Regional Airport,Lamar,US,3705.3
40.412304,-86.936898,LAF,Purdue University Airport,Lafayette,US,605.8
27.987639,-82.019,LAL,Lakeland Linder International Airport,Lakeland,US,141.8
35.879686,-106.268686,LAM,Los Alamos Airport,Los Alamos,US,7170.9
42.778647,-84.586206,LAN,Capital Region International Airport,Lansing,US,860.5
41.312057,-105.674986,LAR,Laramie Regional Airport,Laramie,US,7283.7
36.080343,-115.152449,LAS,Harry Reid International Airport,Las Vegas,US,2183.1
34.567714,-98.416637,LAW,Lawton-Fort Sill Regional Airport,Lawton,US,1110.3
33.942496,-118.408049,LAX,Los Angeles International Airport,Los Angeles,US,127.8
33.663667,-101.820556,LBB,Lubbock Preston Smith International Airport,Lubbock,US,3282.4
40.2731,-79.410326,LBE,Arnold Palmer Regional Airport,Latrobe,US,1198.7
41.126213,-100.683653,LBF,North Platte Regional/Lee Bird Field,North Platte,US,2777
37.043921,-100.959969,LBL,Liberal Mid-America Regional Airport,Liberal,US,2885.4
34.609811,-79.05955,LBT,Lumberton Regional Airport,Lumberton,US,124.6
29.108639,-95.462083,LJN,Texas Gulf Coast Regional Airport,Angleton/Lake Jackson,US,25.2
30.126094,-93.223413,LCH,Lake Charles Regional Airport,Lake Charles,US,14.5
43.573042,-71.417842,LCI,Laconia Municipal Airport,Laconia,US,545.4
39.813787,-82.927814,LCK,Rickenbacker International Airport,Columbus,US,743.9
30.182056,-82.576861,LCQ,Lake City Gateway Airport,Lake City,US,200.7
40.617449,-74.244594,LDJ,Linden Airport,Linden,US,22
43.962531,-86.407916,LDM,Mason County Airport,Ludington,US,646.6
43.626111,-72.304194,LEB,Lebanon Municipal Airport,Lebanon,US,603.3
28.822898,-81.808418,LEE,Leesburg International Airport,Leesburg,US,76
45.918381,-102.105536,LEM,Lemmon Municipal Airport,Lemmon,US,2572.8
44.048473,-70.283507,LEW,Auburn/Lewiston Municipal Airport,Auburn/Lewiston,US,287.5
38.036742,-84.608617,LEX,Blue Grass Airport,Lexington,US,979.5
37.082889,-76.360544,LFI,Langley Afb Airport,Hampton,US,8.4
31.234028,-94.75,LFK,Angelina County Airport,Lufkin,US,295.6
30.205027,-91.987754,LFT,Lafayette Regional/Paul Fournet Field,Lafayette,US,40.9
40.777242,-73.872606,LGA,Laguardia Airport,New York,US,20.7
33.81793,-118.151891,LGB,Long Beach (Daugherty Field) Airport,Long Beach,US,60.4
33.009151,-85.073204,LGC,Lagrange/Callaway Airport,Lagrange,US,693.6
45.289078,-118.006124,LGD,La Grande/Union County Airport,La Grande,US,2717.6
32.864581,-114.392975,LGF,Laguna Army Air Field (Yuma Proving Ground) Airport,Yuma Proving Ground (Yuma),US,432.8
41.791771,-111.851647,LGU,Logan-Cache Airport,Logan,US,4456.9
41.135778,-77.422306,LHV,William T Piper Memorial Airport,Lock Haven,US,555.5
31.887819,-81.562655,LIY,Wright Army Air Field (Fort Stewart)/Midcoast Regional Airport,Fort Stewart (Hinesville),US,46.6
36.023349,-78.330263,LFN,Triangle North Executive Airport,Louisburg,US,368
39.274778,-103.665861,LIC,Limon Municipal Airport,Limon,US,5374.4
34.729441,-92.224777,LIT,Bill And Hillary Clinton Ntl/Adams Field,Little Rock,US,266
44.264478,-73.961869,LKP,Lake Placid Airport,Lake Placid,US,1747
38.009825,-77.970127,LOW,Louisa County/Freeman Field,Louisa,US,493.7
42.161111,-120.399083,LKV,Lake County Airport,Lakeview,US,4734.1
44.523607,-114.217938,CHL,Challis Airport,Challis,US,5075.9
33.145988,-89.062448,LMS,Louisville/Winston County Airport,Louisville,US,574.5
42.156143,-121.733365,LMT,Crater Lake/Klamath Regional Airport,Klamath Falls,US,4095.4
26.593046,-80.085064,LNA,Palm Beach County Park Airport,West Palm Beach,US,14.4
42.815385,-108.728563,LND,Hunt Field,Lander,US,5588.9
40.850891,-96.759121,LNK,Lincoln Airport,Lincoln,US,1218.7
41.684028,-81.38975,LNN,Lake County Executive Airport,Willoughby,US,625.6
36.987632,-82.529784,LNP,Lonesome Pine Airport,Wise,US,2684.8
43.211861,-90.179833,LNR,Tri-County Regional Airport,Lone Rock,US,717.3
40.122361,-76.294361,LNS,Lancaster Airport,Lancaster,US,402.6
40.066467,-118.565086,LOL,Derby Field,Lovelock,US,3907.6
40.137556,-75.265139,BBX,Wings Field,Philadelphia,US,301.5
41.608097,-88.09639,LOT,Lewis University Airport,Chicago/Romeoville,US,679
38.227985,-85.663748,LOU,Bowman Field,Louisville,US,545.5
37.086892,-84.077393,LOZ,London/Corbin/Magee Airport,London,US,1212.3
34.665619,-120.467503,LPC,Lompoc Airport,Lompoc,US,88.1
34.809972,-82.702889,LQK,Pickens County Airport,Pickens,US,1013.4
27.544194,-99.461583,LRD,Laredo International Airport,Laredo,US,508
34.91751,-92.145001,LRF,Little Rock Afb Airport,Jacksonville,US,308.9
42.778556,-96.193583,LRJ,Le Mars Municipal Airport,Le Mars,US,1197
32.289414,-106.921964,LRU,Las Cruces International Airport,Las Cruces,US,4456.9
32.333657,-108.69186,LSB,Lordsburg Municipal Airport,Lordsburg,US,4287.9
43.879266,-91.256634,LSE,La Crosse Regional Airport,La Crosse,US,655.4
32.331781,-84.987152,LSF,Lawson Army Air Field (Fort Benning) Airport,Fort Benning (Columbus),US,227
42.753806,-104.404556,LSK,Lusk Municipal Airport,Lusk,US,4966.8
37.063889,-120.869861,LSN,Los Banos Municipal Airport,Los Banos,US,121.4
36.2362,-115.034256,LSV,Nellis Afb Airport,Las Vegas,US,1869.1
34.667975,-99.267751,LTS,Altus Afb Airport,Altus,US,1381.8
33.534961,-112.383207,LUF,Luke Afb Airport,Glendale,US,1083.9
39.102977,-84.417606,LUK,Cincinnati Municipal/Lunken Field,Cincinnati,US,481.6
31.673028,-89.172806,LUL,Hesler/Noble Field,Laurel,US,238.3
37.693389,-121.820361,LVK,Livermore Municipal Airport,Livermore,US,399.9
36.774629,-77.793782,LVL,Brunswick County Airport,Lawrenceville,US,328.7
45.699417,-110.448028,LVM,Mission Field,Livingston,US,4659.4
35.654222,-105.142389,LVS,Las Vegas Municipal Airport,Las Vegas,US,6877.2
37.858307,-80.399483,LWB,Greenbrier Valley Airport,Lewisburg,US,2301.6
39.011111,-95.216472,LWC,Lawrence Regional Airport,Lawrence,US,833.2
41.117111,-114.922139,LWL,Wells Municipal/Harriet Field,Wells,US,5769
42.717042,-71.123533,LWM,Lawrence Municipal Airport,Lawrence,US,147.6
46.374499,-117.015396,LWS,Lewiston/Nez Perce County Airport,Lewiston,US,1442.1
47.04925,-109.466694,LWT,Lewistown Municipal Airport,Lewistown,US,4170.4
38.764278,-87.6055,LWV,Lawrenceville-Vincennes International Airport,Lawrenceville,US,429.8
40.790424,-99.775914,LXN,Jim Kelly Field,Lexington,US,2412.6
39.219472,-106.316417,LXV,Lake County Airport,Leadville,US,9933.5
37.325389,-79.201222,LYH,Lynchburg Regional/Preston Glenn Field,Lynchburg,US,938.2
38.34025,-98.228556,LYO,Lyons-Rice County Municipal Airport,Lyons,US,1691.7
33.978092,-83.962364,LZU,Gwinnett County/Briscoe Field,Lawrenceville,US,1061.5
30.786576,-89.504537,PCU,Poplarville/Pearl River County Airport,Poplarville,US,318.9
46.620762,-113.205066,DRU,Drummond Airport,Drummond,US,4245
48.366944,-107.919333,MLK,Malta Airport,Malta,US,2253.8
32.821764,-83.561935,MAC,Macon Downtown Airport,Macon,US,436.7
36.9886,-120.11245,MAE,Madera Municipal Airport,Madera,US,255.2
31.942528,-102.201917,MAF,Midland International Air And Space Port Airport,Midland,US,2872.1
36.598204,-89.992549,MAW,Malden Regional Airport,Malden,US,295.3
45.546284,-100.40627,MBG,Mobridge Municipal Airport,Mobridge,US,1716.1
44.272465,-86.246901,MBL,Manistee County/Blacker Airport,Manistee,US,621.4
32.438667,-90.103111,DXE,Bruce Campbell Field,Madison,US,325.1
43.532927,-84.079636,MBS,Mbs International Airport,Saginaw,US,668.2
39.46317,-92.42589,MBY,Omar N Bradley Airport,Moberly,US,866.8
31.178444,-90.471861,MCB,Mc Comb/Pike County/John E Lewis Field,Mc Comb,US,413.2
38.667639,-121.400611,MCC,Mc Clellan Airfield,Sacramento,US,76.8
45.864983,-84.637094,MCD,Mackinac Island Airport,Mackinac Island,US,741
37.28475,-120.513917,MCE,Merced Yosemite Regional Airport,Merced,US,155.2
27.849344,-82.521219,MCF,Macdill Afb Airport,Tampa,US,14
39.297611,-94.713889,MCI,Kansas City International Airport,Kansas City,US,1026.9
40.206292,-100.592094,MCK,Mc Cook Ben Nelson Regional Airport,Mc Cook,US,2582.9
32.692833,-83.649222,MCN,Middle Georgia Regional Airport,Macon,US,354.2
28.429389,-81.309,MCO,Orlando International Airport,Orlando,US,96.4
43.157806,-93.33125,MCW,Mason City Municipal Airport,Mason City,US,1213.4
32.03657,-102.101528,MDD,Midland Airpark,Midland,US,2805.4
37.778083,-89.252028,MDH,Southern Illinois Airport,Carbondale/Murphysboro,US,411.2
44.016417,-97.085611,XMD,Madison Municipal Airport,Madison,US,1718.4
40.193192,-76.762619,MDT,Harrisburg International Airport,Harrisburg,US,310
41.785643,-87.752729,MDW,Chicago Midway International Airport,Chicago,US,619.8
45.101318,-90.300174,MDF,Taylor County Airport,Medford,US,1478.1
34.792172,-79.365896,MXE,Laurinburg/Maxton Airport,Maxton,US,215.6
32.332862,-88.751572,MEI,Key Field,Meridian,US,297.8
35.042411,-89.976679,MEM,Frederick W Smith International Airport,Memphis,US,340.9
37.380484,-120.568186,MER,Castle Airport,Atwater,US,190.4
39.0005,-119.751111,MEV,Minden-Tahoe Airport,Minden,US,4723.6
34.545512,-94.202416,UMZ,Mena Intermountain Municipal Airport,Mena,US,1079.9
40.821417,-82.516639,MFD,Mansfield Lahm Regional Airport,Mansfield,US,1297
26.175833,-98.238611,MFE,Mc Allen International Airport,Mc Allen,US,107.2
44.636892,-90.189318,MFI,Marshfield Municipal Airport,Marshfield,US,1277.8
42.374965,-122.873288,MFR,Rogue Valley International/Medford Airport,Medford,US,1335.3
37.646879,-75.761045,MFV,Accomack County Airport,Melfa,US,47.6
41.703315,-86.82124,MGC,Michigan City Municipal-Phillips Field,Michigan City,US,654.9
33.914442,-84.514247,MGE,Dobbins Arb Airport,Marietta,US,1068.5
41.511812,-74.263539,MGJ,Orange County Airport,Montgomery,US,369.9
32.300639,-86.393972,MGM,Montgomery Regional (Dannelly Field) Airport,Montgomery,US,232
31.085579,-83.802809,MGR,Moultrie Municipal Airport,Moultrie,US,297.1
39.643595,-79.917547,MGW,Morgantown Municipal/Walter L Bill Hart Field,Morgantown,US,1243.7
39.588972,-84.224861,MGY,Dayton/Wright Brothers Airport,Dayton,US,956.6
43.774822,-98.038615,MHE,Mitchell Municipal Airport,Mitchell,US,1304.4
39.141417,-96.671556,MHK,Manhattan Regional Airport,Manhattan,US,1066.1
39.095478,-93.203,MHL,Marshall Memorial Municipal Airport,Marshall,US,778.9
38.555311,-121.297211,MHR,Sacramento Mather Airport,Sacramento,US,98.3
42.932806,-71.43575,MHT,Manchester Boston Regional Airport,Manchester,US,266.4
35.058944,-118.150611,MHV,Mojave Air & Space Port/Rutan Field,Mojave,US,2801.3
25.795361,-80.290116,MIA,Miami International Airport,Miami,US,9.3
48.415768,-101.358041,MIB,Minot Afb Airport,Minot,US,1666.1
45.062469,-93.353965,MIC,Crystal Airport,Minneapolis,US,869.3
40.242472,-85.39575,MIE,Delaware County Regional Airport,Muncie,US,937.4
36.909222,-94.8875,MIO,Miami Regional Airport,Miami,US,806.4
35.507478,-119.192131,MIT,Shafter-Minter Field,Shafter,US,424.8
39.367806,-75.072222,MIV,Millville Municipal Airport,Millville,US,84.6
42.11275,-92.917778,MIW,Marshalltown Municipal Airport,Marshalltown,US,974.6
43.650785,-94.986575,MJQ,Jackson Municipal Airport,Jackson,US,1445.7
39.926042,-74.295535,MJX,Ocean County Airport,Toms River,US,86
39.122935,-94.592823,MKC,Kansas City Downtown/Wheeler Field,Kansas City,US,756.9
42.946932,-87.897064,MKE,General Mitchell International Airport,Milwaukee,US,728.4
43.167673,-86.235438,MKG,Muskegon County Airport,Muskegon,US,628.2
35.599881,-88.915612,MKL,Jackson Regional Airport,Jackson,US,433.3
35.65775,-95.361639,MKO,Muskogee-Davis Regional Airport,Muskogee,US,611.5
44.222778,-93.919306,MKT,Mankato Regional Airport,Mankato,US,1020.8
25.995028,-81.672528,MRK,Marco Island Executive Airport,Marco Island,US,5.2
28.10275,-80.64525,MLB,Melbourne Orlando International Airport,Melbourne,US,33.3
34.882389,-95.783472,MLC,Mc Alester Regional Airport,Mc Alester,US,770.8
42.170126,-112.292679,MLD,Malad City Airport,Malad City,US,4503
41.195986,-96.112265,MIQ,Millard Airport,Omaha,US,1050.7
38.426636,-113.013274,MLF,Milford Municipal/Ben And Judy Briscoe Field,Milford,US,5042.2
41.448209,-90.50777,MLI,Quad Cities International Airport,Moline,US,589.6
33.154226,-83.241407,MLJ,Baldwin County Regional Airport,Milledgeville,US,384.9
46.426886,-105.888225,MLS,Frank Wiley Field,Miles City,US,2634.1
45.647833,-68.685556,MLT,Millinocket Municipal Airport,Millinocket,US,408.1
32.510556,-92.036134,MLU,Monroe Regional Airport,Monroe,US,78.9
37.624056,-118.83875,MMH,Mammoth Yosemite Airport,Mammoth Lakes,US,7134.8
35.399194,-84.561778,MMI,Mcminn County Airport,Athens,US,874.3
44.451722,-95.824417,MML,Southwest Minnesota Regional Marshall/Ryan Field,Marshall,US,1182.8
34.231444,-90.289556,MMS,Selfs Airport,Marks,US,161.7
33.920761,-80.801133,MMT,Mc Entire Jngb Airport,Eastover,US,254
40.799338,-74.414889,MMU,Morristown Municipal Airport,Morristown,US,186.6
45.126689,-87.638542,MNM,Menominee Regional Airport,Menominee,US,624.9
40.61625,-83.063472,MNN,Marion Municipal Airport,Marion,US,993.4
30.691417,-88.242833,MOB,Mobile Regional Airport,Mobile,US,218.7
37.625825,-120.95443,MOD,Modesto City-County-Harry Sham Field,Modesto,US,99.2
43.621639,-84.737306,MOP,Mount Pleasant Municipal Airport,Mount Pleasant,US,754.7
36.179383,-83.375452,MOR,Moore-Murrell Airport,Morristown,US,1312.8
64.698182,-162.057299,MOS,Moses Point Airport,Elim,US,14
48.257639,-101.278028,MOT,Minot International Airport,Minot,US,1715.7
45.563591,-95.965028,MOX,Morris Municipal/Charlie Schmidt Field,Morris,US,1135.9
37.510861,-120.039528,RMY,Mariposa-Yosemite Airport,Mariposa,US,2254.2
35.138833,-92.909194,MPJ,Petit Jean Park Airport,Morrilton,US,923
41.137694,-75.380056,MPO,Pocono Mountains Regional Airport,Mount Pocono,US,1915.2
38.352394,-97.691298,MPR,Mc Pherson Airport,Mc Pherson,US,1498.3
44.203489,-72.562096,MPV,Edward F Knapp State Airport,Barre/Montpelier,US,1165.6
40.946612,-91.511171,MPZ,Mount Pleasant Municipal Airport,Mount Pleasant,US,730.6
40.520083,-90.652389,MQB,Macomb Municipal Airport,Macomb,US,705.7
35.918983,-75.695536,MEO,Dare County Regional Airport,Manteo,US,12.8
39.978972,-75.865472,CTH,Chester County G O Carlson Airport,Coatesville,US,660.2
32.096996,-82.879412,MQW,Telfair-Wheeler Airport,Mc Rae,US,202.1
36.00897,-86.52009,MQY,Smyrna Airport,Smyrna,US,543
39.402358,-77.983,MRB,Eastern Wv Regional/Shepherd Field,Martinsburg,US,564.8
35.554339,-87.17914,MRC,Maury County Regional Airport,Columbia/Mount Pleasant,US,681.3
30.371111,-104.017528,MRF,Marfa Municipal Airport,Marfa,US,4848.8
35.820222,-81.611417,MRN,Foothills Regional Airport,Morganton,US,1269.9
36.586952,-121.842783,MRY,Monterey Regional Airport,Monterey,US,256.6
34.745306,-87.610222,MSL,Northwest Alabama Regional Airport,Muscle Shoals,US,550.5
43.139879,-89.337504,MSN,Dane County Regional/Truax Field,Madison,US,886.6
46.916306,-114.090556,MSO,Missoula Montana Airport,Missoula,US,3205.6
44.881972,-93.221778,MSP,Minneapolis-St Paul International/Wold-Chamberlain Airport,Minneapolis,US,841.8
44.936241,-74.84512,MSS,Massena International-Richards Field,Massena,US,221.5
41.701639,-74.795028,MSV,Sullivan County International Airport,Monticello,US,1403
29.993272,-90.259028,MSY,Louis Armstrong New Orleans International Airport,New Orleans,US,3
42.613894,-82.83691,MTC,Selfridge Angb Airport,Mount Clemens,US,579.5
64.80679,-147.762421,MTX,Metro Field,Fairbanks,US,432
24.726286,-81.051416,MTH,The Florida Keys Marathon International Airport,Marathon,US,7.3
38.509806,-107.89425,MTJ,Montrose Regional Airport,Montrose,US,5758.5
39.325659,-76.413763,MTN,Martin State Airport,Baltimore,US,22.2
39.477889,-88.279972,MTO,Coles County Memorial Airport,Mattoon/Charleston,US,722.3
41.076667,-71.920472,MTP,Montauk Airport,Montauk,US,6.8
44.128778,-87.680583,MTW,Manitowoc County Airport,Manitowoc,US,650.9
40.43523,-76.568631,MUI,Muir Army Heliport (Fort Indiantown Gap) Heliport,Fort Indiantown Gap (Annville),US,487.1
31.137687,-83.70406,MUL,Spence Airport,Moultrie,US,292
43.043594,-115.872436,MUO,Mountain Home Afb Airport,Mountain Home,US,2995.9
41.367889,-91.148222,MUT,Muscatine Municipal Airport,Muscatine,US,547.2
31.458056,-87.351028,MVC,Monroe County Aeroplex Airport,Monroeville,US,419.1
44.969194,-95.710389,MVE,Montevideo-Chippewa County Airport,Montevideo,US,1034
44.534355,-72.613992,MVL,Morrisville-Stowe State Airport,Morrisville,US,732.9
38.323361,-88.8585,MVN,Mount Vernon Airport,Mount Vernon,US,480.4
41.393417,-70.613874,MVY,Martha's Vineyard Airport,Vineyard Haven,US,66.9
37.754972,-89.011083,MWA,Veterans Airport Of Southern Illinois Airport,Marion,US,471.7
43.11038,-88.034418,MWC,Lawrence J Timmerman Airport,Milwaukee,US,744.8
47.208583,-119.319139,MWH,Grant County International Airport,Moses Lake,US,1188.6
32.781606,-98.060175,MWL,Mineral Wells Regional Airport,Mineral Wells,US,973.6
43.913412,-95.1094,MWM,Windom Municipal Airport,Windom,US,1410.8
39.53175,-84.396444,MWO,Middletown Regional/Hook Field,Middletown,US,650.6
35.894447,-90.154571,MXA,Manila Municipal Airport,Manila,US,242.7
32.382944,-86.365778,MXF,Maxwell Afb Airport,Montgomery,US,170.8
42.220362,-91.163298,MXO,Monticello Regional Airport,Monticello,US,833.3
32.815722,-117.139556,MYF,Montgomery-Gibbs Executive Airport,San Diego,US,427.3
61.336161,-142.685886,MYK,May Creek Airport,May Creek,US,1681
44.888744,-116.101752,MYL,Mc Call Municipal Airport,Mc Call,US,5024.1
33.679741,-78.928321,MYR,Myrtle Beach International Airport,Myrtle Beach,US,25
39.097778,-121.569833,MYV,Yuba County Airport,Marysville,US,64.3
32.509833,-111.325333,MZJ,Pinal Airpark,Marana,US,1893.1
40.489917,-85.679778,MZZ,Marion Municipal - Mckinney Field,Marion,US,858.7
42.592642,-76.214883,CTX,Cortland County/Chase Field,Cortland,US,1197.3
42.302583,-75.415972,SXY,Sidney Municipal Airport,Sidney,US,1026.9
42.524778,-75.064472,ONH,Albert S Nader Regional Airport,Oneonta,US,1763.3
29.827215,-90.02659,NBG,New Orleans Nas Jrb (Alvin Callender Field) Airport,New Orleans,US,2.1
30.390314,-87.63156,NHX,Barin Nolf Airport,Foley,US,50.8
38.332878,-77.037011,DGN,Dahlgren Nsf Airport,Dahlgren,US,18
40.035788,-74.351366,NEL,Lakehurst Maxfield Field,Lakehurst,US,100.6
30.349495,-81.866989,NEN,Whitehouse Nolf Airport,Jacksonville,US,97
30.042417,-90.02825,NEW,Lakefront Airport,New Orleans,US,7.3
39.417831,-118.698588,NFL,Fallon Nas (Van Voorhis Field) Airport,Fallon,US,3934.8
32.769186,-97.441535,FWH,Fort Worth Nas Jrb (Carswell Field) Airport,Fort Worth,US,650
27.692701,-97.290379,NGP,Corpus Christi Nas (Truax Field) Airport,Corpus Christi,US,18.4
36.937469,-76.289278,NGU,Norfolk Ns (Chambers Field) Airport,Norfolk,US,14.8
27.70242,-97.438819,NGW,Cabaniss Field Nolf Airport,Corpus Christi,US,31.7
38.286334,-76.409971,NHK,Patuxent River Nas (Trapnell Field) Airport,Patuxent River,US,38.6
60.020234,-151.589419,NIN,Ninilchik Airport,Ninilchik,US,276
30.233706,-81.676057,NIP,Jacksonville Nas (Towers Field) Airport,Jacksonville,US,22.5
32.826633,-115.668563,NJK,El Centro Naf (Vraciu Field) Airport,El Centro,US,-42.5
32.868529,-117.143192,NKX,Miramar Mcas (Joe Foss Field) Airport,San Diego,US,476.9
36.333127,-119.952162,NLC,Lemoore Nas (Reeves Field) Airport,Lemoore,US,228.3
30.353273,-87.317971,NPA,Pensacola Nas (Forrest Sherman Field) Airport,Pensacola,US,28.2
35.356639,-89.87043,NQA,Millington/Memphis Airport,Millington,US,322.4
27.504514,-97.80829,NQI,Kingsville Nas Airport,Kingsville,US,49.7
24.574637,-81.686645,NQX,Key West Nas (Boca Chica Field) Airport,Key West,US,5.7
30.391374,-81.424521,NRB,Mayport Ns (Adm David L Mcdonald Field) Airport,Mayport,US,14.8
32.56616,-117.113525,NRS,Imperial Beach Nolf (Ream Field) Airport,Imperial Beach,US,23.2
30.722472,-87.023903,NSE,Whiting Field Nas North Airport,Milton,US,199
34.119276,-119.119589,NTD,Point Mugu Nas (Naval Base Ventura Co) Airport,Oxnard,US,13
36.822746,-76.031895,NTU,Oceana Nas (Apollo Soucek Field) Airport,Virginia Beach,US,21.7
37.416144,-122.049129,NUQ,Moffett Federal Airfield,Mountain View,US,36.9
48.35184,-122.655959,NUW,Whidbey Island Nas (Ault Field) Airport,Oak Harbor,US,47.4
37.852477,-94.304608,NVD,Nevada Municipal Airport,Nevada,US,892
38.503625,-77.305034,NYG,Quantico Mcaf (Turner Field) Airport,Quantico,US,10.3
32.656574,-114.605987,YUM,Yuma Mcas/Yuma International Airport,Yuma,US,213.3
32.698199,-117.213115,NZY,North Island Nas (Halsey Field) Airport,San Diego,US,26
39.818528,-120.352806,NVN,Nervino Airport,Beckwourth,US,4899.9
40.718952,-123.927217,NLN,Kneeland Airport,Eureka,US,2741
38.030417,-120.414556,COA,Columbia Airport,Columbia,US,2120.7
37.756344,-120.800208,ODC,Oakdale Airport,Oakdale,US,236.5
39.005402,-119.156542,EYR,Yerington Municipal Airport,Yerington,US,4381.9
40.57368,-122.407336,BZF,Benton Field,Redding,US,723.2
34.829167,-77.612139,OAJ,Albert J Ellis Airport,Jacksonville,US,92.9
37.721261,-122.221151,OAK,Oakland San Francisco Bay Airport,Oakland,US,9
36.681528,-121.761667,OAR,Marina Municipal Airport,Marina,US,136.6
27.266574,-80.850391,OBE,Okeechobee County Airport,Okeechobee,US,33.5
29.171877,-82.224115,OCF,Ocala International-Jim Taylor Field,Ocala,US,89.7
31.577764,-94.710111,OCH,Nacogdoches A L Mangham Jr Regional Airport,Nacogdoches,US,343.1
35.570472,-77.049806,OCW,Washington-Warren Airport,Washington,US,37.4
31.921415,-102.387133,ODT,Odessa-Schlemeyer Field,Odessa,US,3003.6
45.309388,-92.689909,OEO,L O Simenstad Municipal Airport,Osceola,US,905.6
41.119329,-95.908517,OFF,Offutt Afb Airport,Omaha,US,1048.2
41.98546,-97.435114,OFK,Norfolk Regional/Karl Stefan Memorial Field,Norfolk,US,1572.6
41.119472,-101.769699,OGA,Searle Field,Ogallala,US,3279.3
33.456918,-80.859407,OGB,Orangeburg Municipal Airport,Orangeburg,US,195.4
41.19507,-112.012195,OGD,Ogden-Hinckley Airport,Ogden,US,4472.5
44.68225,-75.46325,OGS,Ogdensburg International Airport,Ogdensburg,US,301.8
42.566556,-75.524111,OIC,Lt Warren Eaton Airport,Norwich,US,1024.4
38.847598,-94.737584,OJC,Johnson County Executive Airport,Olathe,US,1096.3
33.217976,-117.351507,OCN,Bob Maxwell Memorial Airfield,Oceanside,US,28
35.393073,-97.600766,OKC,Okc Will Rogers International Airport,Oklahoma City,US,1295.5
48.251528,-122.673667,ODW,Delaurentis Airport,Oak Harbor,US,193.3
40.527656,-86.059737,OKK,Kokomo Municipal Airport,Kokomo,US,832.2
35.668111,-95.948528,OKM,Okmulgee Regional/Paul And Betty Abbott Field,Okmulgee,US,719.6
41.401911,-102.356352,OKS,Garden County/King Rhiley Field,Oshkosh,US,3394.1
39.143528,-78.144444,WGO,Winchester Regional Airport,Winchester,US,726.2
44.952335,-68.674496,OLD,Dewitt Field/Old Town Municipal Airport,Old Town,US,126.5
42.241194,-78.371361,OLE,Cattaraugus County-Olean Airport,Olean,US,2135.4
48.0945,-105.575056,OLF,L M Clayton Airport,Wolf Point,US,1988.5
46.969404,-122.902545,OLM,Olympia Regional Airport,Olympia,US,207.8
31.417722,-110.847889,OLS,Nogales International Airport,Nogales,US,3955.3
41.448722,-97.340944,OLU,Columbus Municipal Airport,Columbus,US,1447.3
34.97875,-89.786861,OLV,Olive Branch/Taylor Field,Olive Branch,US,401.5
38.721827,-88.176433,OLY,Olney-Noble Airport,Olney-Noble,US,482.1
41.303167,-95.894056,OMA,Eppley Airfield,Omaha,US,984.5
48.464412,-119.518051,OMK,Omak Airport,Omak,US,1304.5
44.07961,-91.71163,ONA,Winona Municipal/Max Conrad Field,Winona,US,656.2
42.469361,-98.687778,ONL,The O'Neill Municipal-John L Baker Field,O'Neill,US,2033.7
34.022472,-106.903139,ONM,Socorro Municipal Airport,Socorro,US,4875.2
44.019361,-117.013028,ONO,Ontario Municipal Airport,Ontario,US,2193.3
44.580361,-124.057917,ONP,Newport Municipal Airport,Newport,US,160.1
34.056014,-117.601187,ONT,Ontario International Airport,Ontario,US,944.1
33.350889,-98.819167,ONY,Olney Municipal Airport,Olney,US,1275.4
41.226111,-92.493833,OOA,Oskaloosa Municipal Airport,Oskaloosa,US,840.2
25.907417,-80.278222,OPF,Miami-Opa Locka Executive Airport,Miami,US,8
30.5584,-92.099376,OPL,St Landry Parish Airport,Opelousas,US,74.3
41.597408,-71.412409,NCO,Quonset State Airport,North Kingstown,US,18.3
41.97694,-87.90815,ORD,Chicago O'Hare International Airport,Chicago,US,680
36.894604,-76.201229,ORF,Norfolk International Airport,Norfolk,US,26.4
42.267139,-71.875611,ORH,Worcester Regional Airport,Worcester,US,1009
57.884925,-152.847572,ORI,Port Lions Airport,Port Lions,US,42
28.545462,-81.33293,ORL,Orlando Executive Airport,Orlando,US,112.6
48.708337,-122.910595,ESD,Orcas Island Airport,Eastsound,US,34.8
33.096889,-94.96175,MPS,Mount Pleasant Regional Airport,Mount Pleasant,US,364.2
44.451524,-83.394165,OSC,Oscoda/Wurtsmith Airport,Oscoda,US,633
43.984371,-88.557042,OSH,Wittman Regional Airport,Oshkosh,US,808.5
40.079516,-83.073213,OSU,Ohio State University Airport,Columbus,US,905.5
33.09025,-89.542028,OSX,Kosciusko-Attala County Airport,Kosciusko,US,494.4
43.655056,-95.579194,OTG,Worthington Municipal Airport,Worthington,US,1574
43.416944,-124.247028,OTH,Southwest Oregon Regional Airport,North Bend,US,17.4
41.107222,-92.447167,OTM,Ottumwa Regional Airport,Ottumwa,US,845.6
35.245556,-97.472139,OUN,University Of Oklahoma Westheimer Airport,Norman,US,1181.7
39.487819,-121.621988,OVE,Oroville Municipal Airport,Oroville,US,194.2
44.122952,-93.258826,OWA,Owatonna Degner Regional Airport,Owatonna,US,1145.4
37.738834,-87.166829,OWB,Owensboro/Daviess County Regional Airport,Owensboro,US,407.3
42.190528,-71.172944,OWD,Norwood Memorial Airport,Norwood,US,49.2
44.7155,-69.866472,OWK,Central Maine/Norridgewock Airport,Norridgewock,US,270.2
38.310479,-75.124025,OCE,Ocean City Municipal Airport,Ocean City,US,15.9
41.478281,-73.135182,OXC,Waterbury-Oxford Airport,Oxford,US,730.1
39.50226,-84.784381,OXD,Miami University Airport,Oxford,US,1040.7
34.200807,-119.207226,OXR,Oxnard Airport,Oxnard,US,44.8
41.412478,-78.502631,STQ,St Marys Municipal Airport,St Marys,US,1934.3
30.735194,-101.202194,OZA,Ozona Municipal Airport,Ozona,US,2376.9
31.275777,-85.713351,OZR,Cairns Army Air Field (Fort Rucker) Airport,Fort Rucker,US,301
31.36399,-109.883129,BSQ,Bisbee Municipal Airport,Bisbee,US,4780
35.791611,-110.423389,PXL,Polacca Airport,Polacca,US,5573
33.353139,-110.667361,GLB,San Carlos Apache Airport,Globe,US,3260.8
34.940722,-110.1385,HBK,Holbrook Municipal Airport,Holbrook,US,5261.8
32.245417,-109.894639,CWX,Cochise County Airport,Willcox,US,4187.3
34.730056,-112.035137,CTW,Cottonwood Airport,Cottonwood,US,3560.3
47.907318,-122.282094,PAE,Seattle Paine Field International Airport,Everett,US,606.9
37.060288,-88.772959,PAH,Barkley Regional Airport,Paducah,US,410.4
30.06905,-85.574988,PAM,Tyndall Afb Airport,Panama City,US,17.1
34.256836,-111.339256,PJB,Payson Airport,Payson,US,5160.4
37.461121,-122.115047,PAO,Palo Alto Airport,Palo Alto,US,6.7
34.174513,-91.935604,PBF,Pinebluff Regional/Grider Field,Pine Bluff,US,205.7
44.650944,-73.468139,PBG,Plattsburgh International Airport,Plattsburgh,US,234.2
26.683162,-80.095592,PBI,Palm Beach International Airport,West Palm Beach,US,19.6
37.561811,-82.566432,PVL,Pike County/Hatcher Field,Pikeville,US,1464.5
43.019285,-91.123733,PCD,Prairie Du Chien Municipal Airport,Prairie Du Chien,US,660.3
33.876002,-84.302031,PDK,Dekalb-Peachtree Airport,Atlanta,US,998.4
45.695096,-118.843369,PDT,Eastern Oregon Regional At Pendleton Airport,Pendleton,US,1494
45.588709,-122.596869,PDX,Portland International Airport,Portland,US,30.8
31.382389,-103.510722,PEQ,Pecos Municipal Airport,Pecos,US,2613.1
45.199361,-123.961894,PFC,Pacific City State Airport,Pacific City,US,10
36.926069,-111.448351,PGA,Page Municipal Airport,Page,US,4316.6
26.918592,-81.990886,PGD,Punta Gorda Airport,Punta Gorda,US,25.5
59.348475,-151.830322,PGM,Port Graham Airport,Port Graham,US,93
36.063806,-90.509194,PGR,Kirk Field,Paragould,US,290.2
35.635694,-77.384083,PGV,Pitt-Greenville Airport,Greenville,US,26.4
40.470167,-81.419944,PHD,Harry Clever Field,New Philadelphia,US,894.4
37.131889,-76.492972,PHF,Newport News/Williamsburg International Airport,Newport News,US,42.2
33.4517,-79.526177,ADR,Robert F Swinnie Airport,Andrews,US,26.4
26.785028,-80.693361,PHK,Palm Beach County Glades Airport,Pahokee,US,15.9
39.872084,-75.240663,PHL,Philadelphia International Airport,Philadelphia,US,35.9
42.910959,-82.52885,PHN,St Clair County International Airport,Port Huron,US,650.1
44.048731,-101.59884,PHP,Philip Airport,Philip,US,2209.2
36.335944,-88.384444,PHT,Henry County Airport,Paris,US,580.2
33.434278,-112.011583,PHX,Phoenix Sky Harbor International Airport,Phoenix,US,1134.8
40.664194,-89.69325,PIA,General Downing - Peoria International Airport,Peoria,US,660.7
31.467146,-89.337058,PIB,Hattiesburg/Laurel Regional Airport,Hattiesburg-Laurel,US,297.6
27.908634,-82.68651,PIE,St Pete-Clearwater International Airport,St Petersburg-Clearwater,US,10.7
42.909793,-112.595919,PIH,Pocatello Regional Airport,Pocatello,US,4451.9
32.840694,-84.882444,PIM,Harris County Airport,Pine Mountain,US,902
44.382687,-100.285975,PIR,Pierre Regional Airport,Pierre,US,1744.3
40.491417,-80.232694,PIT,Pittsburgh International Airport,Pittsburgh,US,1202.9
39.344962,-81.439293,PKB,Mid-Ohio Valley Regional Airport,Parkersburg,US,858.5
46.901204,-95.073106,PKD,Park Rapids Municipal/Konshok Field,Park Rapids,US,1444.5
45.955091,-90.424435,PKF,Park Falls Municipal Airport,Park Falls,US,1500.9
36.625928,-93.228923,PLK,M Graham Clark Downtown Airport,Branson,US,940.1
45.570917,-84.796722,PLN,Pellston Regional/Emmet County Airport,Pellston,US,720.6
33.558833,-86.249056,PLR,St Clair County Airport,Pell City,US,484.7
48.942417,-97.240667,PMB,Pembina Municipal Airport,Pembina,US,795.8
34.629389,-118.084553,PMD,Palmdale Usaf Plant 42 Airport,Palmdale,US,2542.5
38.840472,-82.847309,PMH,Greater Portsmouth Regional Airport,Portsmouth,US,663.4
26.24736,-80.111127,PPM,Pompano Beach Airpark,Pompano Beach,US,19.3
42.797389,-109.811028,PWY,Ralph Wenz Field,Pinedale,US,7096.2
36.731955,-97.099782,PNC,Ponca City Regional Airport,Ponca City,US,1008.6
40.081938,-75.010578,PNE,Northeast Philadelphia Airport,Philadelphia,US,119.8
45.20066,-67.564399,PNN,Princeton Municipal Airport,Princeton,US,264.9
30.473417,-87.186611,PNS,Pensacola International Airport,Pensacola,US,120.9
35.170889,-79.014497,POB,Pope Army Air Field,Fayetteville,US,218
34.091667,-117.781778,POC,Brackett Field,La Verne,US,1013.9
31.044782,-93.191642,POE,Maks Army Air Field,Fort Polk,US,330
36.773935,-90.324853,POF,Poplar Bluff Regional Business Airport,Poplar Bluff,US,330.8
42.742889,-94.647361,POH,Pocahontas Municipal Airport,Pocahontas,US,1225.5
41.626585,-73.884189,POU,Hudson Valley Regional Airport,Poughkeepsie,US,163.5
44.867167,-108.793417,POY,Powell Municipal Airport,Powell,US,5095.7
35.613,-100.99625,PPA,Perry Lefors Field,Pampa,US,3245.2
37.330814,-95.506175,PPF,Tri-City Airport,Parsons,US,900.5
41.572467,-86.734528,LPO,La Porte Municipal Airport,La Porte,US,812
46.688964,-68.044791,PQI,Presque Isle International Airport,Presque Isle,US,534
30.462772,-88.529229,PGL,Trent Lott International Airport,Pascagoula,US,16.8
35.672889,-120.627083,PRB,Paso Robles Municipal Airport,Paso Robles,US,838.7
34.654763,-112.419189,PRC,Prescott Regional/Ernest A Love Field,Prescott,US,5045.2
41.826444,-94.159556,PRO,Perry Municipal Airport,Perry,US,1013
33.636611,-95.45075,PRX,Cox Field,Paris,US,547.6
40.884391,-78.087342,PSB,Mid-State Airport,Philipsburg,US,1948
46.264948,-119.1194,PSC,Tri-Cities Airport,Pasco,US,410.3
42.42763,-73.290792,PSF,Pittsfield Municipal Airport,Pittsfield,US,1188.5
37.137336,-80.678479,PSK,New River Valley Airport,Dublin,US,2104.5
43.077944,-70.823278,PSM,Portsmouth International At Pease Airport,Portsmouth,US,100.4
31.779694,-95.706306,PSN,Palestine Municipal Airport,Palestine,US,422.6
37.286249,-107.056009,PGO,Stevens Field,Pagosa Springs,US,7663.3
33.82967,-116.506694,PSP,Palm Springs International Airport,Palm Springs,US,476.6
28.7275,-96.250944,PSX,Palacios Municipal Airport,Palacios,US,14.1
37.184301,-77.506174,PTB,Tri Cities Executive/Dinwiddie County Airport,Petersburg,US,192.7
42.665636,-83.420506,PTK,Oakland County International Airport,Pontiac,US,980.6
29.709546,-91.338979,PTN,Harry P Williams Memorial Airport,Patterson,US,8.5
37.450056,-94.731222,PTS,Atkinson Municipal Airport,Pittsburg,US,946.2
37.702528,-98.747,PTT,Pratt Regional Airport,Pratt,US,1952.6
36.029583,-119.062722,PTV,Porterville Municipal Airport,Porterville,US,443.2
40.239556,-75.556722,PTW,Heritage Field,Pottstown,US,308.2
38.289947,-104.498028,PUB,Pueblo Memorial Airport,Pueblo,US,4729.3
39.613889,-110.751611,PUC,Carbon County Regional/Buck Davis Field,Price,US,5957.6
46.741691,-117.111619,PUW,Pullman/Moscow Regional Airport,Pullman/Moscow,US,2566.6
42.072278,-70.220722,PVC,Provincetown Municipal Airport,Provincetown,US,7.8
41.722333,-71.427722,PVD,Rhode Island Tf Green International Airport,Providence,US,54
38.724227,-120.753309,PVF,Placerville Airport,Placerville,US,2585.8
40.219167,-111.723361,PVU,Provo Municipal Airport,Provo,US,4496.9
34.168147,-101.717336,PVW,Hale County Airport,Plainview,US,3374
35.534164,-97.647053,PWA,Wiley Post Airport,Oklahoma City,US,1299.6
48.790516,-104.523738,PWD,Sher-Wood Airport,Plentywood,US,2263.9
42.114279,-87.901541,PWK,Chicago Executive Airport,Chicago/Prospect Heights/Wheeling,US,647
43.645643,-70.308616,PWM,Portland International Jetport Airport,Portland,US,75.7
47.49025,-122.764806,PWT,Bremerton Ntl Airport,Bremerton,US,444
41.908788,-70.727628,PYM,Plymouth Municipal Airport,Plymouth,US,148.1
42.76118,-87.813909,RAC,Batten International Airport,Racine,US,673.6
33.951889,-117.445111,RAL,Riverside Airport,Riverside,US,818.9
44.045333,-103.057361,RAP,Rapid City Regional Airport,Rapid City,US,3203.5
32.681306,-96.868778,RBD,Dallas Executive Airport,Dallas,US,660.5
43.239335,-123.355852,RBG,Roseburg Regional Airport,Roseburg,US,533.4
40.150306,-122.252194,RBL,Red Bluff Municipal Airport,Red Bluff,US,352.3
32.921041,-80.64059,RBW,Lowcountry Regional Airport,Walterboro,US,100.9
44.145094,-103.103567,RCA,Ellsworth Afb Airport,Rapid City,US,3276.3
30.631376,-96.989487,RCK,H H Coffield Regional Airport,Rockdale,US,474
41.065548,-86.181703,RCR,Fulton County Airport,Rochester,US,789.5
43.90002,-85.51672,RCT,Nartron Field,Reed City,US,1055
40.508985,-122.293385,RDD,Redding Regional Airport,Redding,US,505
40.378499,-75.965247,RDG,Reading Regional/Carl A Spaatz Field,Reading,US,343.4
44.254069,-121.149971,RDM,Roberts Field,Redmond,US,3081.5
47.96128,-97.400814,RDR,Grand Forks Afb Airport,Grand Forks,US,910.9
35.877639,-78.787472,RDU,Raleigh-Durham International Airport,Raleigh/Durham,US,435.2
61.788056,-157.35025,RDV,Red Devil Airport,Red Devil,US,180.6
42.57766,-117.88543,REO,Rome State Airport,Rome,US,4053
42.195361,-89.097222,RFD,Chicago/Rockford International Airport,Chicago/Rockford,US,742
28.295817,-97.325972,RFG,Rooke Field,Refugio,US,54
45.630901,-89.466628,RHI,Rhinelander/Oneida County Airport,Rhinelander,US,1623.3
37.332861,-121.819806,RHV,Reid-Hillview Of Santa Clara County Airport,San Jose,US,135.4
37.505181,-77.319739,RIC,Richmond International Airport,Richmond,US,167.5
39.756083,-84.842694,RID,Richmond Municipal Airport,Richmond,US,1139.8
38.734111,-112.101583,RIF,Richfield Municipal Airport,Richfield,US,5318
39.526607,-107.727987,RIL,Rifle Garfield County Airport,Rifle,US,5536.8
33.988788,-117.40991,RIR,Flabob Airport,Riverside/Rubidoux/,US,767
33.881943,-117.259017,RIV,March Arb Airport,Riverside,US,1536
43.064238,-108.459841,RIW,Central Wyoming Regional Airport,Riverton,US,5516
44.060142,-69.09967,RKD,Knox County Regional Airport,Rockland,US,55.4
28.086222,-97.043694,RKP,Aransas County Airport,Rockport,US,23.8
35.021639,-94.62125,RKR,Robert S Kerr Airport,Poteau,US,450.9
41.594218,-109.065199,RKS,Southwest Wyoming Regional Airport,Rock Springs,US,6764.6
35.922333,-84.689778,RKW,Rockwood Municipal Airport,Rockwood,US,1664.1
46.305639,-119.304189,RLD,Richland Airport,Richland,US,394.3
43.233799,-75.407026,RME,Griffiss International Airport,Rome,US,504
34.351638,-85.158574,RMG,Richard B Russell Regional - J H Towers Field,Rome,US,644
35.698699,-85.843821,RNC,Warren County Memorial Airport,Mc Minnville,US,1031.9
29.528906,-98.278031,RND,Randolph Afb Airport,Universal City,US,760.9
45.147793,-92.53918,RNH,New Richmond Regional Airport,New Richmond,US,997.9
39.499111,-119.768111,RNO,Reno/Tahoe International Airport,Reno,US,4414.9
47.493139,-122.21575,RNT,Renton Municipal Airport,Renton,US,32
37.325472,-79.975417,ROA,Roanoke/Blacksburg Regional (Woodrum Field) Airport,Roanoke,US,1175.2
43.119144,-77.671869,ROC,Frederick Douglass/Greater Rochester International Airport,Rochester,US,558.9
36.372417,-94.106972,ROG,Rogers Executive - Carter Field,Rogers,US,1358.8
33.299878,-104.529403,ROW,Roswell Air Center Airport,Roswell,US,3671
48.85625,-95.696944,ROX,Roseau Municipal/Rudy Billberg Field,Roseau,US,1060.3
45.420111,-91.773333,RIE,Rice Lake Regional/Carl's Field,Rice Lake,US,1109.2
46.475,-108.543417,RPX,Roundup Airport,Roundup,US,3490.3
43.722639,-85.504056,WBR,Roben-Hood Airport,Big Rapids,US,989.8
45.198917,-89.712852,RRL,Merrill Municipal Airport,Merrill,US,1318.2
48.941472,-95.348472,RRT,Warroad International Memorial Airport,Warroad,US,1075.5
38.871364,-98.811604,RSL,Russell Municipal Airport,Russell,US,1863.5
32.513225,-92.588445,RSN,Ruston Regional Airport,Ruston,US,316.8
43.908278,-92.500028,RST,Rochester International Airport,Rochester,US,1317.4
26.536164,-81.755155,RSW,Southwest Florida International Airport,Fort Myers,US,29.9
36.742439,-104.501726,RTN,Raton Municipal/Crews Field,Raton,US,6352.4
35.645883,-80.520292,SRW,Mid-Carolina Regional Airport,Salisbury,US,772.3
43.52973,-72.949626,RUT,Rutland/Southern Vermont Regional Airport,Rutland,US,787.3
40.677389,-77.626833,RED,Mifflin County Airport,Reedsville,US,818.8
36.039584,-95.984595,RVS,Tulsa Riverside Airport,Tulsa,US,638.2
44.546889,-95.082,RWF,Redwood Falls Municipal Airport,Redwood Falls,US,1023.6
35.856253,-77.891933,RWI,Rocky Mount/Wilson Regional Airport,Rocky Mount,US,157.7
41.805722,-107.200333,RWL,Rawlins Municipal/Harvey Field,Rawlins,US,6816.7
43.833917,-111.805111,RXE,Rexburg-Madison County Airport,Rexburg,US,4862
40.947823,-87.182648,RNZ,Jasper County Airport,Rensselaer,US,698.3
42.190278,-122.660639,AHM,Ashland Municipal/Sumner Parker Field,Ashland,US,1888.5
43.086472,-124.407861,BDY,Bandon State Airport,Bandon,US,122.1
43.876312,-121.453051,SUO,Sunriver Airport,Sunriver,US,4163.5
48.483917,-122.937667,LPS,Lopez Island Airport,Lopez,US,208.8
44.670163,-121.155149,MDJ,Madras Municipal Airport,Madras,US,2437.6
44.288277,-120.905578,PRZ,Prineville Airport,Prineville,US,3251
41.443528,-106.827528,SAA,Shively Field,Saratoga,US,7014.2
38.512861,-121.4933,SAC,Sacramento Executive Airport,Sacramento,US,23.6
32.853341,-109.635082,SAD,Safford Regional/1Lt Duane Spalsbury Field,Safford,US,3178.4
35.617111,-106.089417,SAF,Santa Fe Regional Airport,Santa Fe,US,6348.7
32.733563,-117.189663,SAN,San Diego International Airport,San Diego,US,16.8
38.148864,-89.698504,SAR,Sparta Community-Hunter Field,Sparta,US,537.6
33.241194,-115.952583,SAS,Salton Sea Airport,Salton City,US,-84
29.533958,-98.469057,SAT,San Antonio International Airport,San Antonio,US,809.1
32.127583,-81.202139,SAV,Savannah/Hilton Head International Airport,Savannah,US,50.2
46.349158,-87.396372,MQT,Marquette/Sawyer Regional Airport,Marquette,US,1204.5
34.426192,-119.841493,SBA,Santa Barbara Municipal Airport,Santa Barbara,US,13.5
34.095361,-117.234889,SBD,San Bernardino International Airport,San Bernardino,US,1159.3
43.76977,-87.851722,SBM,Sheboygan County Memorial International Airport,Sheboygan,US,755.3
41.708224,-86.317337,SBN,South Bend International Airport,South Bend,US,798.4
35.237273,-120.642603,SBP,San Luis Obispo County Regional Airport,San Luis Obispo,US,212.3
40.516261,-106.866302,SBS,Steamboat Springs/Bob Adams Field,Steamboat Springs,US,6882.4
48.540694,-111.87125,SBX,Shelby Airport,Shelby,US,3442.9
38.340189,-75.509478,SBY,Salisbury-Ocean City Wicomico Regional Airport,Salisbury,US,52.5
41.610708,-96.629779,SCB,Scribner State Airport,Scribner,US,1324.9
42.852718,-73.929564,SCH,Schenectady County Airport,Schenectady,US,377.9
37.894412,-121.238744,SCK,Stockton Metro Airport,Stockton,US,32.6
38.174085,-85.736494,SDF,Louisville Muhammad Ali International Airport,Louisville,US,500.8
33.622889,-111.910528,SCF,Scottsdale Airport,Scottsdale,US,1510.1
32.572278,-116.980167,SDM,Brown Field Municipal Airport,San Diego,US,526.1
47.706857,-104.192555,SDY,Sidney-Richland Regional Airport,Sidney,US,1985.1
47.449889,-122.311778,SEA,Seattle-Tacoma International Airport,Seattle,US,432.3
32.826222,-116.972444,SEE,Gillespie Field,San Diego/El Cajon,US,387.5
27.456389,-81.342389,SEF,Sebring Regional Airport,Sebring,US,61.6
40.821235,-76.864172,SEG,Penn Valley Airport,Selinsgrove,US,463.5
32.343947,-86.987806,SEM,Craig Field,Selma,US,166.2
32.215333,-98.177667,SEP,Stephenville Clark Regional Airport,Stephenville,US,1321.4
38.924256,-85.909721,SER,Freeman Municipal Airport,Seymour,US,582.7
34.848589,-111.788448,SDX,Sedona Airport,Sedona,US,4830.5
28.777178,-81.234914,SFB,Orlando Sanford International Airport,Orlando,US,54.8
47.682941,-117.322426,SFF,Felts Field,Spokane,US,1956.7
43.393806,-70.708,SFM,Sanford Seacoast Regional Airport,Sanford,US,244.1
37.618806,-122.375417,SFO,San Francisco International Airport,San Francisco,US,13.1
41.92075,-71.491417,SFZ,North Central State Airport,Pawtucket,US,440.5
37.245661,-93.388627,SGF,Springfield-Branson Ntl Airport,Springfield,US,1268.3
39.840278,-83.840167,SGH,Springfield/Beckley Municipal Airport,Springfield,US,1051.3
29.95925,-81.339729,UST,St Augustine Airport,St Augustine,US,9.8
29.622249,-95.656534,SGR,Sugar Land Regional Airport,Houston,US,81.1
34.599479,-91.575,SGT,Stuttgart Municipal Carl Humphrey Field,Stuttgart,US,224.4
37.036378,-113.510303,SGU,St George Regional Airport,St George,US,2883.6
38.263833,-78.896444,SHD,Shenandoah Valley Regional Airport,Staunton/Waynesboro/Harrisonburg,US,1201
47.233556,-123.147556,SHN,Sanderson Field,Shelton,US,272.9
44.769194,-106.980278,SHR,Sheridan County Airport,Sheridan,US,4021.1
32.446515,-93.82604,SHV,Shreveport Regional Airport,Shreveport,US,257.6
36.898889,-89.56175,SIK,Sikeston Memorial Municipal Airport,Sikeston,US,314.8
39.114713,-87.448329,SIV,Sullivan County Airport,Sullivan,US,539.2
41.781444,-122.468111,SIY,Siskiyou County Airport,Montague,US,2651.1
37.362995,-121.928621,SJC,Norman Y Mineta San Jose International Airport,San Jose,US,62.2
34.518556,-109.37875,SJN,St Johns Industrial Air Park,St Johns,US,5736.5
31.357748,-100.496304,SJT,San Angelo Regional/Mathis Field,San Angelo,US,1918.6
47.615056,-117.655806,SKA,Fairchild Afb Airport,Spokane,US,2462.2
29.384233,-98.581117,SKF,Kelly Field,San Antonio,US,690.6
36.451694,-105.673083,TSM,Taos Regional Airport,Taos,US,7094.6
42.597235,-95.240666,SLB,Storm Lake Municipal Airport,Storm Lake,US,1487.9
40.788393,-111.977773,SLC,Salt Lake City International Airport,Salt Lake City,US,4230.9
44.909528,-123.0025,SLE,Mcnary Field,Salem,US,213.4
36.191861,-94.49,SLG,Smith Field,Siloam Springs,US,1191.4
44.385308,-74.206181,SLK,Adirondack Regional Airport,Saranac Lake,US,1662.6
38.790611,-97.652222,SLN,Salina Regional Airport,Salina,US,1288
38.642872,-88.964185,SLO,Salem-Leckrone Airport,Salem,US,573.2
33.159833,-95.621139,SLR,Sulphur Springs Municipal Airport,Sulphur Springs,US,489.3
41.143361,-85.152778,SMD,Smith Field,Fort Wayne,US,835.7
37.053583,-84.615639,SME,Lake Cumberland Regional Airport,Somerset,US,927.3
38.695444,-121.590778,SMF,Sacramento International Airport,Sacramento,US,26.9
45.123278,-113.881444,SMN,Lemhi County Airport,Salmon,US,4044.2
34.015822,-118.451306,SMO,Santa Monica Municipal Airport,Santa Monica,US,169.8
33.995026,-80.361329,SUM,Sumter Airport,Sumter,US,182.1
34.899944,-120.458083,SMX,Santa Maria Pub/Capt G Allan Hancock Field,Santa Maria,US,261.2
33.675662,-117.868233,SNA,John Wayne/Orange County Airport,Santa Ana,US,55.9
32.693389,-100.950472,SNK,Winston Field,Snyder,US,2430.3
35.357306,-96.942833,SNL,Shawnee Regional Airport,Shawnee,US,1073.1
36.662411,-121.607154,SNS,Salinas Municipal Airport,Salinas,US,84.4
41.099761,-102.984993,SNY,Sidney Municipal/Lloyd W Carr Field,Sidney,US,4314.2
35.237423,-79.389034,SOP,Moore County Airport,Pinehurst/Southern Pines,US,459.3
34.265472,-110.005662,SOW,Show Low Regional Airport,Show Low,US,6415.5
34.916405,-81.955771,SPA,Spartanburg Downtown Memorial/Simpson Field,Spartanburg,US,802
44.481056,-103.786,SPF,Black Hills-Clyde Ice Field,Spearfish,US,3933.1
27.765114,-82.62694,SPG,Albert Whitted Airport,St Petersburg,US,6.6
39.844611,-89.677556,SPI,Abraham Lincoln Capital Airport,Springfield,US,597.9
33.9888,-98.491906,SPS,Sheppard Afb/Wichita Falls Municipal Airport,Wichita Falls,US,1019.1
43.165652,-95.202793,SPW,Spencer Municipal Airport,Spencer,US,1338.9
41.742833,-89.676278,SQI,Whiteside County/Jos H Bittorf Field,Sterling/Rockfalls,US,647.6
37.511861,-122.249531,SQL,San Carlos Airport,San Carlos,US,5.5
35.21061,-91.737539,SRC,Searcy Regional Airport,Searcy,US,264.5
27.395444,-82.554389,SRQ,Sarasota/Bradenton International Airport,Sarasota/Bradenton,US,29.9
33.460944,-105.530139,RUI,Sierra Blanca Regional Airport,Ruidoso,US,6813.8
61.78975,-156.588528,SRV,Stony River 2 Airport,Stony River,US,230
33.972724,-80.470564,SSC,Shaw Afb Airport,Sumter,US,241
29.336981,-98.471044,SSF,Stinson Municipal Airport,San Antonio,US,577.6
31.151966,-81.39106,SSI,St Simons Island Airport,St Simons Island,US,18.9
45.546222,-94.059389,STC,St Cloud Regional Airport,St Cloud,US,1030.5
44.545136,-89.530284,STE,Stevens Point Municipal Airport,Stevens Point,US,1110
39.771944,-94.909706,STJ,Rosecrans Memorial Airport,St Joseph,US,826.5
40.614298,-103.264261,STK,Sterling Municipal Airport,Sterling,US,4037.6
38.748698,-90.370026,STL,St Louis Lambert International Airport,St Louis,US,617.3
44.934615,-93.060354,STP,St Paul Downtown Holman Field,St Paul,US,705
38.509694,-122.812889,STS,Charles M Schulz/Sonoma County Airport,Santa Rosa,US,128.7
27.181699,-80.221293,SUA,Witham Field,Stuart,US,16.1
35.789583,-96.655667,SUD,Stroud Municipal Airport,Stroud,US,900.7
44.843667,-87.421528,SUE,Door County Cherryland Airport,Sturgeon Bay,US,724.2
43.503781,-114.295558,SUN,Friedman Memorial Airport,Hailey,US,5319.5
38.662117,-90.652047,SUS,Spirit Of St Louis Airport,St Louis,US,463.3
38.264537,-121.924131,SUU,Travis Afb Airport,Fairfield,US,63.4
46.689684,-92.094642,SUW,Richard I Bong Airport,Superior,US,674.4
42.401306,-96.384417,SUX,Sioux Gateway/Brig General Bud Day Field,Sioux City,US,1098.5
32.636547,-108.156385,SVC,Grant County Airport,Silver City,US,5445.6
40.375694,-120.572694,SVE,Susanville Municipal Airport,Susanville,US,4149.1
35.764997,-80.9539,SVH,Statesville Regional Airport,Statesville,US,967.8
32.01002,-81.145988,SVN,Hunter Army Air Field,Savannah,US,41.3
41.504111,-74.104833,SWF,New York Stewart International Airport,New York,US,490.7
36.161389,-97.085893,SWO,Stillwater Regional Airport,Stillwater,US,1000.3
32.467361,-100.466556,SWW,Avenger Field,Sweetwater,US,2379.7
62.520416,-164.847646,SXP,Nunam Iqua Airport,Nunam Iqua,US,17.6
35.5594,-86.442472,SYI,Bomar Field/Shelbyville Municipal Airport,Shelbyville,US,799.6
44.475522,-93.01632,SYN,Stanton Airfield,Stanton,US,920
43.111181,-76.106321,SYR,Syracuse Hancock International Airport,Syracuse,US,421.1
31.557155,-83.894036,SYV,Sylvester Airport,Sylvester,US,403
38.730306,-93.547864,SZL,Whiteman Afb Airport,Knob Noster,US,871
34.347018,-119.061617,SZP,Santa Paula Airport,Santa Paula,US,250
36.092639,-111.383083,TBC,Tuba City Airport,Tuba City,US,4513
37.259224,-104.340861,TAD,Perry Stokes Airport,Trinidad,US,5761.6
37.741639,-92.140722,TBN,Waynesville-St Robert Regional Forney Field,Fort Leonard Wood,US,1159.5
32.48275,-81.736944,TBR,Statesboro-Bulloch County Airport,Statesboro,US,186.7
35.182778,-103.603194,TCC,Tucumcari Municipal Airport,Tucumcari,US,4064.9
33.220629,-87.611404,TCL,Tuscaloosa Ntl Airport,Tuscaloosa,US,169.9
47.137678,-122.476475,TCM,Mcchord Field (Joint Base Lewis-Mcchord) Airport,Tacoma,US,322
33.235361,-107.269889,TCS,Truth Or Consequences Municipal Airport,Truth Or Consequences,US,4861.9
46.477169,-122.806476,TDO,Ed Carlson Memorial Field/South Lewis County Airport,Toledo,US,373.9
35.169889,-101.825861,TDW,Tradewind Airport,Amarillo,US,3648.5
41.564944,-83.482222,TDZ,Toledo Executive Airport,Toledo,US,622.7
40.850102,-74.060833,TEB,Teterboro Airport,Teterboro,US,8.3
37.953806,-107.90875,TEX,Telluride Regional Airport,Telluride,US,9069.7
35.380125,-86.246778,THA,Tullahoma Regional/Wm Northern Field,Tullahoma,US,1084
47.573498,-115.280656,THM,Thompson Falls Airport,Thompson Falls,US,2467.1
39.917,-76.873028,THV,York Airport,York,US,494.7
35.41475,-97.386639,TIK,Tinker Afb Airport,Oklahoma City,US,1290.6
47.267944,-122.578111,TIW,Tacoma Narrows Airport,Tacoma,US,294.8
28.514798,-80.799227,TIX,Space Coast Regional Airport,Titusville,US,34
36.225862,-90.036641,KNT,Kennett Memorial Airport,Kennett,US,261.8
30.396754,-84.350869,TLH,Tallahassee International Airport,Tallahassee,US,83.1
36.156583,-119.326556,TLR,Mefford Field,Tulare,US,265.3
31.429556,-83.489222,TMA,Henry Tift Myers Airport,Tifton,US,354.6
25.647564,-80.433225,TMB,Miami Executive Airport,Miami,US,10
45.41825,-123.814389,OTK,Tillamook Airport,Tillamook,US,39.4
39.467943,-117.197454,ASQ,Austin Airport,Austin,US,5735.1
34.131583,-115.945806,TNP,Twentynine Palms Airport,Twentynine Palms,US,1888
25.861806,-80.897,TNT,Dade-Collier Training And Transition Airport,Miami,US,12.7
41.67443,-93.021728,TNU,Newton Municipal-Earl Johnson Field,Newton,US,952.5
37.798868,-116.780754,XSD,Tonopah Test Range,Tonopah,US,5550.3
33.803383,-118.339608,TOA,Zamperini Field,Torrance,US,103.2
34.592812,-83.296372,TOC,Toccoa Rg Letourneau Field,Toccoa,US,996
31.86,-86.013889,TOI,Troy Municipal At N Kenneth Campbell Field,Troy,US,397.2
41.586817,-83.807827,TOL,Eugene F Kranz Toledo Express Airport,Toledo,US,683.9
39.068823,-95.622376,TOP,Philip Billard Municipal Airport,Topeka,US,881.3
42.064421,-104.152679,TOR,Torrington Municipal Airport,Torrington,US,4206.9
27.975469,-82.533248,TPA,Tampa International Airport,Tampa,US,26.5
27.915444,-82.449389,TPF,Peter O Knight Airport,Tampa,US,7.4
38.059894,-117.086601,TPH,Tonopah Airport,Tonopah,US,5430.3
31.1519,-97.407663,TPL,Draughon-Miller Central Texas Regional Airport,Temple,US,682.3
60.204333,-154.318873,PTA,Port Alsworth Airport,Port Alsworth,US,280
36.475209,-82.407415,TRI,Tri-Cities Airport,Bristol/Johnson/Kingsport,US,1518.6
39.320056,-120.139583,TKF,Truckee-Tahoe Airport,Truckee,US,5904.3
32.708494,-96.267094,TRL,Terrell Municipal Airport,Terrell,US,474.2
33.626671,-116.159654,TRM,Jacqueline Cochran Regional Airport,Palm Springs,US,-114.4
40.083528,-93.590639,TRX,Trenton Municipal Airport,Trenton,US,757.5
63.374064,-143.32899,TSG,Tanacross Airport,Tanacross,US,1559
35.134994,-118.4393,TSP,Tehachapi Municipal Airport,Tehachapi,US,4001.1
45.549361,-122.40125,TTD,Portland-Troutdale Airport,Portland,US,38.9
40.276694,-74.813472,TTN,Trenton Mercer Airport,Trenton,US,212.6
36.198393,-95.888105,TUL,Tulsa International Airport,Tulsa,US,677.8
34.269,-88.769889,TUP,Tupelo Regional Airport,Tupelo,US,346.5
32.11707,-110.941463,TUS,Tucson International Airport,Tucson,US,2643
44.741579,-85.58187,TVC,Cherry Capital Airport,Traverse City,US,623.9
48.065677,-96.184995,TVF,Thief River Falls Regional Airport,Thief River Falls,US,1118.8
30.901472,-83.881444,TVI,Thomasville Regional Airport,Thomasville,US,263.6
38.893889,-119.995333,TVL,Lake Tahoe Airport,South Lake Tahoe,US,6268.4
42.481809,-114.487736,TWF,Joslin Field/Magic Valley Regional Airport,Twin Falls,US,4153.4
28.362444,-97.661917,NIR,Chase Field Industrial Airport,Beeville,US,184.2
33.453716,-93.991031,TXK,Texarkana Regional-Webb Field,Texarkana,US,389.7
61.076662,-151.13807,TYE,Tyonek Airport,Tyonek,US,110
34.452732,-110.115035,TYZ,Taylor Airport,Taylor,US,5823.1
32.353547,-95.402978,TYR,Tyler Pounds Regional Airport,Tyler,US,543.9
35.811091,-83.994067,TYS,Mc Ghee Tyson Airport,Knoxville,US,986.4
37.545824,-110.713199,BFG,Bullfrog Basin Airport,Glen Canyon Natl Rec Area,US,4167
39.736583,-111.870056,NPH,Nephi Municipal Airport,Nephi,US,5022.1
38.961689,-110.227288,RVR,Green River Municipal Airport,Green River,US,4234.1
44.162361,-112.220667,DBS,Dubois Municipal Airport,Dubois,US,5123
37.845222,-112.391944,PNU,Panguitch Municipal Airport,Panguitch,US,6762.5
37.93243,-109.341224,MXC,Monticello Airport,Monticello,US,6969.9
44.492333,-116.014778,ICS,Cascade Airport,Cascade,US,4748
33.465333,-88.38075,UBS,Columbus-Lowndes County Airport,Columbus,US,188.1
36.379741,-88.985702,UCY,Everett-Stewart Regional Airport,Union City,US,345.6
33.748438,-116.274813,UDD,Bermuda Dunes Airport,Palm Springs,US,73
43.041028,-88.237056,UES,Waukesha County Airport,Waukesha,US,911.5
57.425358,-157.739866,UGB,Ugashik Bay Airport,Pilot Point,US,132
42.422149,-87.867916,UGN,Waukegan Ntl Airport,Chicago/Waukegan,US,728.1
47.93658,-124.562616,UIL,Quillayute Airport,Quillayute,US,194.1
39.942275,-91.192404,UIN,Quincy Regional-Baldwin Field,Quincy,US,768.7
36.223601,-81.098608,IKB,Wilkes County Airport,North Wilkesboro,US,1303.4
39.125944,-123.200861,UKI,Ukiah Municipal Airport,Ukiah,US,616.8
40.435139,-75.381944,UKT,Quakertown Airport,Quakertown,US,525.1
44.318387,-94.501643,ULM,New Ulm Municipal Airport,New Ulm,US,1011.2
39.211893,-82.229255,ATO,Ohio University Airport,Athens/Albany,US,765.7
43.426472,-88.703861,UNU,Dodge County Airport,Juneau,US,934.1
40.85,-77.847583,SCE,State College Regional Airport,State College,US,1231.3
35.205146,-85.898147,UOS,Franklin County Airport,Sewanee,US,1953.3
34.384333,-89.536806,UOX,University-Oxford Airport,Oxford,US,452
34.685056,-90.347778,UTM,Tunica Municipal Airport,Tunica,US,194.4
30.746889,-95.587167,HTV,Huntsville Municipal Airport,Huntsville,US,362.9
41.53244,-71.281544,NPT,Newport State Airport,Newport,US,171.8
29.211333,-99.743583,UVA,Garner Field,Uvalde,US,941.9
34.987833,-81.057167,RKH,Rock Hill/York County/Bryant Field,Rock Hill,US,666.3
30.968703,-83.192967,VAD,Moody Afb Airport,Valdosta,US,233.2
39.942889,-74.84575,LLY,South Jersey Regional Airport,Mount Holly,US,52.8
34.737337,-120.584313,VBG,Vandenberg Space Force Base Airport,Lompoc,US,368
28.854206,-96.918732,VCT,Victoria Regional Airport,Victoria,US,115.1
34.595526,-117.382662,VCV,Southern California Logistics Airport,Victorville,US,2885.3
32.192722,-82.371167,VDI,Vidalia Regional Airport,Vidalia,US,274.3
40.436078,-109.511422,VEL,Vernal Regional Airport,Vernal,US,5274.2
36.210703,-115.194443,VGT,North Las Vegas Airport,Las Vegas,US,2205
31.057833,-104.783806,VHN,Culberson County Airport,Van Horn,US,3956.8
38.127429,-91.769514,VIH,Rolla Ntl Airport,Rolla/Vichy,US,1147.8
36.318638,-119.392861,VIS,Visalia Municipal Airport,Visalia,US,292.5
36.686314,-82.034784,VJI,Virginia Highlands Airport,Abingdon,US,2087.5
32.239145,-90.928195,VKS,Vicksburg Municipal Airport,Vicksburg,US,107
38.991466,-89.166189,VLA,Vandalia Municipal Airport,Vandalia,US,537.2
30.781464,-83.275972,VLD,Valdosta Regional Airport,Valdosta,US,203.1
27.071268,-82.440033,VNC,Venice Municipal Airport,Venice,US,18.1
34.209806,-118.489972,VNY,Van Nuys Airport,Van Nuys,US,802.1
43.93924,-90.253162,VOK,Volk Field,Camp Douglas,US,912
30.483219,-86.526044,VPS,Eglin Afb/Destin-Ft Walton Beach Airport,Valparaiso/Destin-Ft Walton Beach,US,84
41.453972,-87.007083,VPZ,Porter County Regional Airport,Valparaiso,US,770.3
30.218778,-81.877167,VQQ,Cecil Airport,Jacksonville,US,79.5
27.655555,-80.417954,VRB,Vero Beach Regional Airport,Vero Beach,US,23.7
43.343722,-72.517278,VSF,Hartness State (Springfield) Airport,Springfield,US,577.5
42.856696,-100.548964,VTN,Miller Field,Valentine,US,2595.4
41.350139,-89.152944,VYS,Illinois Valley Regional-Walter A Duncan Field,Peru,US,654.2
39.841309,-77.27465,GTY,Gettysburg Regional Airport,Gettysburg,US,553.2
48.097922,-123.187921,SQV,Sequim Valley Airport,Sequim,US,151
48.608155,-123.159631,RCE,Roche Harbor Seaplane Base,Roche Harbor,US,0
37.940194,-75.466389,WAL,Wallops Flight Facility Airport,Wallops Island,US,40.2
39.901139,-80.130694,WAY,Greene County Airport,Waynesburg,US,1068.6
63.515972,-162.278,WBB,Stebbins Airport,Stebbins,US,19.4
41.297308,-75.852243,WBW,Wilkes-Barre Wyoming Valley Airport,Wilkes-Barre,US,543.8
36.375956,-97.789423,WDG,Enid Woodring Regional Airport,Enid,US,1167.2
33.98269,-83.667217,WDR,Barrow County Airport,Winder,US,934.3
32.746287,-97.682452,WEA,Parker County Airport,Weatherford,US,991.2
34.259325,-118.413433,WHP,Whiteman Airport,Los Angeles,US,1003
34.741056,-118.218639,WJF,General Wm J Fox Airfield,Lancaster,US,2350.7
37.168611,-97.037528,WLD,Strother Field,Winfield/Arkansas City,US,1160.3
39.515756,-122.217275,WLW,Willows/Glenn County Airport,Willows,US,141.2
40.896611,-117.805889,WMC,Winnemucca Municipal Airport,Winnemucca,US,4307.6
32.640171,-83.591921,WRB,Robins Afb Airport,Warner Robins,US,294.1
40.015789,-74.590726,WRI,Mc Guire Field (Joint Base Mc Guire Dix Lakehurst) Airport,Wrightstown,US,140.5
43.962889,-107.950528,WRL,Worland Municipal Airport,Worland,US,4251.7
67.405107,-150.120878,WSM,Wiseman Airport,Wiseman,US,1195
41.349633,-71.803417,WST,Westerly State Airport,Westerly,US,81.1
36.935733,-121.789637,WVI,Watsonville Municipal Airport,Watsonville,US,163.3
44.53325,-69.675528,WVL,Waterville Regional Airport,Waterville,US,332.8
39.008369,-74.908509,WWD,Cape May County Airport,Wildwood,US,21.7
36.438,-99.522667,WWR,West Woodward Airport,Woodward,US,2189
44.688389,-111.117639,WYS,Yellowstone Airport,West Yellowstone,US,6649
28.221278,-82.374556,KYO,Tampa North Aero Park Airport,Tampa,US,68
18.138056,-65.800694,HUC,Dr Hermenegildo Ortiz Quinones Airport,Humacao,US,34.8
36.281579,-94.307766,XNA,Northwest Arkansas Ntl Airport,Fayetteville/Springdale/Rogers,US,1288.2
48.259784,-103.750557,XWA,Williston Basin International Airport,Williston,US,2356
43.280476,-91.469528,UKN,Waukon Municipal Airport,Waukon,US,1281
44.244817,-84.179809,WBK,West Branch Community Airport,West Branch,US,882.1
42.240274,-83.531461,YIP,Willow Run Airport,Detroit,US,715.9
46.568167,-120.544062,YKM,Yakima Air Trml/Mcallister Field,Yakima,US,1098.8
42.916679,-97.385932,YKN,Chan Gurney Municipal Airport,Yankton,US,1305.9
41.26159,-80.680366,YNG,Youngstown/Warren Regional Airport,Youngstown/Warren,US,1191.5
63.571609,-156.144051,BCC,Bear Creek 3 Airport,Bear Creek,US,740
66.274472,-145.818194,KBC,Birch Creek Airport,Birch Creek,US,439.8
61.94119,-145.294081,CZC,Copper Center 2 Airport,Copper Center,US,1150
60.981031,-159.993919,ZNC,Nyac Airport,Nyac,US,482.7
28.226669,-82.155645,ZPH,Zephyrhills Municipal Airport,Zephyrhills,US,89.9
39.944446,-81.892094,ZZV,Zanesville Municipal Airport,Zanesville,US,899.8
42.282036,-72.214802,UWA,Ware Airport,Ware,US,483
46.950428,-67.885861,LIZ,Loring International Airport,Limestone,US,746
40.868653,-96.108794,EPG,Browns Airport,Weeping Water,US,1182
32.766781,-103.208821,HBB,Industrial Airpark,Hobbs,US,3707
36.619944,-116.032285,DRA,Desert Rock Airport,Mercury,US,3314
52.220583,-174.206194,AKB,Atka Airport,Atka,US,55.2
56.005986,-160.560792,PML,Port Moller Airport,Cold Bay,US,20
61.594917,-149.088722,PAQ,"Warren ""Bud"" Woods Palmer Municipal Airport",Palmer,US,248.6
52.832542,173.175554,ATU,Casco Cove Cgs Airport,Attu,US,88
70.113111,-143.653611,BTI,Barter Island Airport,Barter Island,US,55.1
60.778556,-161.837167,BET,Bethel Airport,Bethel,US,128.8
61.172962,-151.045416,BVU,Beluga Airport,Beluga,US,87.2
63.995163,-145.720055,BIG,Allen Army Air Field,Delta Junction Ft Greely,US,1285.2
65.981556,-161.149139,BKC,Buckland Airport,Buckland,US,29
59.361247,-155.258821,BMX,Big Mountain Airport,Big Mountain,US,663
71.284861,-156.768583,BRW,Wiley Post-Will Rogers Memorial Airport,Utqiagvik,US,48.9
66.913944,-151.529056,BTT,Bettles Airport,Bettles,US,647.3
55.205917,-162.72625,CDB,Cold Bay Airport,Cold Bay,US,99.5
65.573944,-144.780889,CEM,Central Airport,Central,US,936.8
61.579056,-159.215639,CHU,Chuathbaluk Airport,Chuathbaluk,US,243.7
66.645028,-143.739889,CIK,Chalkyitsik Airport,Chalkyitsik,US,548.5
61.871118,-158.137956,CKD,Crooked Creek Airport,Crooked Creek,US,177.2
60.136806,-164.279056,CYF,Chefornak Airport,Chefornak,US,54.1
61.844542,-165.57375,SCM,Scammon Bay Airport,Scammon Bay,US,22
65.827917,-144.076197,IRC,Circle City Airport,Circle,US,613.2
54.582431,-164.914481,WSF,Cape Sarichef Airport,Cape Sarichef,US,291
60.49164,-145.477558,CDV,Merle K (Mudhole) Smith Airport,Cordova,US,53
67.252171,-150.203908,CXF,Coldfoot Airport,Coldfoot,US,1049.1
61.781014,-166.039575,CZF,Cape Romanzof Lrrs Airport,Cape Romanzof,US,467
66.069111,-162.767056,DRG,Deering Airport,Deering,US,29.9
68.032111,-162.899194,RDB,Red Dog Airport,Red Dog,US,969
51.883583,-176.642482,ADK,Adak Airport,Adak Island,US,19.5
59.044667,-158.5055,DLG,Dillingham Airport,Dillingham,US,82
61.864167,-162.026111,MLL,Marshall Don Hunter Sr Airport,Marshall,US,115.3
57.749794,-152.493944,ADQ,Kodiak Airport,Kodiak,US,78.7
53.898944,-166.545028,DUT,Unalaska Airport,Unalaska,US,23.3
59.961631,-162.880593,KKH,Kongiganak Airport,Kongiganak,US,39.6
61.251353,-149.806526,EDF,Elmendorf Afb Airport,Anchorage,US,213
60.213694,-162.043889,EEK,Eek Airport,Eek,US,26.5
64.778083,-141.149611,EAA,Eagle Airport,Eagle,US,907.2
58.64815,-162.063803,EHM,Cape Newenham Lrrs Airport,Cape Newenham,US,531
64.66564,-147.10143,EIL,Eielson Afb Airport,Fairbanks,US,547.5
62.786139,-164.49075,EMK,Emmonak Airport,Emmonak,US,16.2
60.573278,-151.244833,ENA,Kenai Municipal Airport,Kenai,US,99.6
60.810393,-164.499472,WWT,Mertarvik Airport,Mertarvik,US,345.5
64.815356,-147.856667,FAI,Fairbanks International Airport,Fairbanks,US,439
64.837612,-147.614492,FBK,Ladd Army Air Field,Fairbanks/Ft Wainwright,US,448.6
67.106201,-157.857156,ABL,Ambler Airport,Ambler,US,292.6
61.2659,-149.653308,FRN,Bryant Army Air Field,Fort Richardson (Anchorage),US,386.8
63.018559,-154.358438,NIB,Nikolai Airport,Nikolai,US,447.3
64.73619,-156.934555,GAL,Edward G Pitka Sr Airport,Galena,US,153.7
68.479667,-149.489917,GBH,Galbraith Lake Airport,Galbraith Lake,US,2662.7
59.875689,-163.168088,KWK,Kwigillingok Airport,Kwigillingok,US,21.4
66.888083,-157.162417,SHG,Shungnak Airport,Shungnak,US,205
62.154335,-145.455292,GKN,Gulkana Airport,Gulkana,US,1586.1
64.550459,-163.007172,GLV,Golovin Airport,Golovin,US,64.6
63.766616,-171.732784,GAM,Gambell Airport,Gambell,US,29.5
57.503555,-134.585094,AGN,Angoon Seaplane Base,Angoon,US,0
61.534683,-149.812548,BGQ,Big Lake Airport,Big Lake,US,162.4
58.425278,-135.707417,GST,Gustavus Airport,Gustavus,US,36.3
60.469171,-164.704037,NME,Nightmute Airport,Nightmute,US,7.1
62.892085,-160.066397,KGX,Grayling Airport,Grayling,US,137.5
59.4602,-135.31686,SGY,Skagway Airport,Skagway,US,44
65.402133,-161.281475,GMT,Granite Mountain Air Station,Granite Mountain,US,1313
62.188306,-159.774944,HCR,Holy Cross Airport,Holy Cross,US,74.5
65.697861,-156.351389,HSL,Huslia Airport,Huslia,US,219.7
59.243831,-135.523537,HNS,Haines Airport,Haines,US,29.1
59.645549,-151.476595,HOM,Homer Airport,Homer,US,84.3
61.523871,-166.146623,HPB,Hooper Bay Airport,Hooper Bay,US,19.5
66.039083,-154.264694,HUS,Hughes Airport,Hughes,US,298.6
62.692306,-159.569222,SHX,Shageluk Airport,Shageluk,US,78.6
59.324042,-155.901773,IGG,Igiugig Airport,Igiugig,US,90.4
58.18549,-157.375428,EGX,Egegik Airport,Egegik,US,92.3
66.976178,-160.438599,IAN,Bob Baker Memorial Airport,Kiana,US,178.7
59.755578,-154.917752,ILI,Iliamna Airport,Iliamna,US,192.4
65.992772,-153.703489,UTO,Indian Mountain Lrrs Airport,Utopia Creek,US,1261
63.732598,-148.910638,MCL,Mc Kinley Ntl Park Airport,Mckinley Park,US,1720
65.622556,-168.094972,WAA,Wales Airport,Wales,US,25.8
56.311463,-158.373238,KCG,Chignik Airport,Chignik,US,18.3
58.354712,-134.578471,JNU,Juneau International Airport,Juneau,US,25.3
59.72675,-157.26025,KGK,Koliganek Airport,Koliganek,US,271.8
60.872389,-146.691167,TEK,Tatitlek Airport,Tatitlek,US,61.9
57.805917,-152.373841,KDK,Kodiak Municipal Airport,Kodiak,US,139
54.847861,-163.407111,KFP,False Pass Airport,False Pass,US,18.3
56.938691,-154.182556,AKK,Akhiok Airport,Akhiok,US,44.4
59.931611,-164.028111,KPN,Kipnuk Airport,Kipnuk,US,19.5
64.939528,-161.154278,KKA,Koyuk Alfred Adams Airport,Koyuk,US,161.5
58.965006,-155.095612,LKK,Kulik Lake Airport,Kulik Lake,US,717
58.676493,-156.648691,AKN,King Salmon Airport,King Salmon,US,73.4
52.941556,-168.849028,IKO,Nikolski Air Station,Nikolski,US,76.6
68.133611,-151.743333,AKP,Anaktuvuk Pass Airport,Anaktuvuk Pass,US,2106.3
55.354083,-131.711222,KTN,Ketchikan International Airport,Ketchikan,US,92.4
70.330667,-149.598056,UUK,Ugnu-Kuparuk Airport,Kuparuk,US,75
64.31898,-158.741306,KAL,Kaltag Airport,Kaltag,US,181.1
55.579222,-133.076,KLW,Klawock Airport,Klawock,US,79.7
57.566056,-154.453806,KYK,Karluk Airport,Karluk,US,141.9
57.535083,-153.976667,KLN,Larsen Bay Airport,Larsen Bay,US,86.7
61.535972,-160.345583,KLG,Kalskag Airport,Kalskag,US,63.3
67.504517,-148.483222,WCR,Chandalar Lake Airport,Chandalar Lake,US,1920
61.087728,-160.923353,TLT,Tuluksak Airport,Tuluksak,US,35.8
68.875128,-166.111082,LUR,Cape Lisburne Lrrs Airport,Cape Lisburne,US,14
58.932056,-158.901889,KMO,Manokotak Airport,Manokotak,US,106.6
62.952785,-155.607051,MCG,Mc Grath Airport,Mc Grath,US,342.7
59.449944,-146.307241,MDO,Middleton Island Airport,Middleton Island,US,100.4
63.885972,-152.301833,LMA,Minchumina Airport,Minchumina,US,681.8
63.490056,-162.110389,SMK,St Michael Airport,St Michael,US,98.2
64.987944,-150.647583,MLY,Manley Hot Springs Airport,Manley Hot Springs,US,275.3
62.094778,-163.682861,MOU,Mountain Village Airport,Mountain Village,US,339.1
61.213546,-149.844709,MRI,Merrill Field,Anchorage,US,143.1
61.437819,-142.902503,MXY,Mccarthy Airport,Mccarthy,US,1532.8
60.372389,-166.270194,MYU,Mekoryuk Airport,Mekoryuk,US,53.3
60.690333,-161.9785,WNA,Napakiak Airport,Napakiak,US,16.9
61.174085,-149.998138,ANC,Ted Stevens Anchorage International Airport,Anchorage,US,151.4
61.581405,-159.545298,ANI,Aniak Airport,Aniak,US,96.8
64.5473,-149.073925,ENN,Nenana Municipal Airport,Nenana,US,367.7
59.98023,-154.839175,NNL,Nondalton Airport,Nondalton,US,314
55.042294,-131.570899,ANN,Annette Island Airport,Annette,US,119
64.729333,-158.074222,NUL,Nulato Airport,Nulato,US,405.9
62.647333,-160.190056,ANV,Anvik Airport,Anvik,US,297.3
59.451528,-157.373167,KNW,New Stuyahok Airport,New Stuyahok,US,370.7
66.912333,-156.897333,OBU,Kobuk Airport,Kobuk,US,142.2
58.906525,-157.711167,PCA,Portage Creek Airport,Portage Creek,US,129
58.096199,-135.408756,HNH,Hoonah Airport,Hoonah,US,21.5
64.512555,-165.444394,OME,Nome Airport,Nome,US,40.6
60.541336,-165.087184,OOK,Toksook Bay Airport,Toksook Bay,US,71
62.961167,-141.928083,ORT,Northway Airport,Northway,US,1720.1
66.884806,-162.598139,OTZ,Ralph Wien Memorial Airport,Kotzebue,US,15.4
56.007536,-161.160367,NLG,Nelson Lagoon Airport,Nelson Lagoon,US,14
56.577361,-169.663722,STG,St George Airport,St George,US,127.9
65.253456,-166.857628,KPC,Port Clarence Cgs Airport,Port Clarence,US,10
55.906724,-159.160829,KPV,Perryville Airport,Perryville,US,29.9
56.801472,-132.946222,PSG,Petersburg James A Johnson Airport,Petersburg,US,113.2
56.959101,-158.633362,PTH,Port Heiden Airport,Port Heiden,US,95.3
60.702912,-161.778308,PKA,Napaskiak Airport,Napaskiak,US,11.4
59.017831,-161.827192,PTU,Platinum Airport,Platinum,US,18
57.580381,-157.571957,PIP,Pilot Point Airport,Pilot Point,US,57
68.348129,-166.799127,PHO,Point Hope Airport,Point Hope,US,20.7
66.814056,-150.643611,PPC,Prospect Creek Airport,Prospect Creek,US,1094.7
59.755093,-161.845366,KWN,Quinhagak Airport,Quinhagak,US,43.2
70.209833,-151.006472,NUI,Nuiqsut Airport,Nuiqsut,US,45.4
68.114669,-145.579415,ARC,Arctic Village Airport,Arctic Village,US,2092
61.77489,-161.319399,RSH,Russian Mission Airport,Russian Mission,US,58.3
64.727222,-155.469889,RBY,Ruby Airport,Ruby,US,657.5
63.686278,-170.493167,SVA,Savoonga Airport,Savoonga,US,59
70.194754,-148.465165,SCC,Deadhorse Airport,Deadhorse,US,67.4
55.313695,-160.521425,SDP,Sand Point Airport,Sand Point,US,23.6
66.249583,-166.089361,SHH,Shishmaref Airport,Shishmaref,US,13.9
57.046834,-135.361069,SIT,Sitka Rocky Gutierrez Airport,Sitka,US,26.5
66.600139,-159.98575,WLK,Selawik Airport,Selawik,US,17.1
61.700509,-157.16585,SLQ,Sleetmute Airport,Sleetmute,US,191.6
62.060831,-163.301836,KSM,St Mary's Airport,St Mary'S,US,314.1
57.166306,-170.222556,SNP,St Paul Island Airport,St Paul Island,US,66.4
59.443906,-151.705042,SOV,Seldovia Airport,Seldovia,US,29
61.811281,-147.509051,SMU,Sheep Mountain Airport,Sheep Mountain,US,2750
63.33104,-149.128836,UMM,Summit Airport,Summit,US,2409
61.097114,-155.574808,SVW,Sparrevohn Lrrs Airport,Sparrevohn,US,1565
61.966113,-151.19539,SKW,Skwentna Airport,Skwentna,US,148
60.475139,-151.039639,SXQ,Soldotna Airport,Soldotna,US,113.4
52.712258,174.113589,SYA,Eareckson Air Station,Shemya,US,97.7
65.174389,-152.108111,TAL,Ralph M Calhoun Memorial Airport,Tanana,US,242.3
65.564033,-167.922458,TNC,Tin City Lrrs Airport,Tin City,US,273
65.240389,-166.339389,TLA,Teller Airport,Teller,US,298.5
59.053556,-160.396778,TOG,Togiak Airport,Togiak Village,US,18.6
62.321372,-150.092718,TKA,Talkeetna Airport,Talkeetna,US,365
62.894915,-155.978013,TLJ,Tatalina Lrrs Airport,Takotna,US,933
70.467111,-157.435667,ATK,Atqasuk Edward Burnell Sr Memorial Airport,Atqasuk,US,101.3
62.683056,-164.722194,AUK,Alakanuk Airport,Alakanuk,US,21.7
69.371113,-152.134983,UMT,Umiat Airport,Umiat,US,267.6
63.8885,-160.799111,UNK,Unalakleet Airport,Unalakleet,US,27.3
61.754189,-150.051739,WOW,Willow Airport,Willow,US,215.3
54.144611,-165.604108,KQA,Akutan Airport,Akutan,US,129.3
61.540833,-165.600889,VAK,Chevak Airport,Chevak,US,60.7
55.116384,-162.266536,KVC,King Cove Airport,King Cove,US,148.9
61.134222,-146.244768,VDZ,Valdez Pioneer Field,Valdez,US,128
67.008675,-146.366358,VEE,Venetie Airport,Venetie,US,574.1
67.736139,-164.5635,KVL,Kivalina Airport,Kivalina,US,18.4
66.362222,-147.4065,WBQ,Beaver Airport,Beaver,US,364.7
60.129886,-149.416629,SWD,Seward Airport,Seward,US,27.7
56.484333,-132.369833,WRG,Wrangell Airport,Wrangell,US,44
70.638,-159.99475,AIN,Wainwright Airport,Wainwright,US,45.1
64.689194,-163.41275,WMO,White Mountain Airport,White Mountain,US,267.4
67.561167,-162.980417,WTK,Noatak Airport,Noatak,US,91.6
61.571986,-149.539557,WWA,Wasilla Airport,Wasilla,US,353.7
59.503323,-139.660268,YAK,Yakutat Airport,Yakutat,US,39.7
60.902897,-161.230583,AKI,Akiak Airport,Akiak,US,39.8
66.551833,-152.622167,AET,Allakaket Airport,Allakaket,US,441.1
60.078561,-147.994735,NCN,Chenega Bay Airport,Chenega,US,68.9
58.833694,-158.529389,CLP,Clarks Point Airport,Clarks Point,US,79.6
64.614972,-162.270528,ELI,Elim Airport,Elim,US,161.5
60.873333,-162.524306,KUK,Kasigluk Airport,Kasigluk,US,47.9
59.433286,-154.802592,KNK,Kokhanok Airport,Kokhanok,US,114.7
63.030583,-163.532639,KOT,Kotlik Airport,Kotlik,US,13.6
65.331333,-166.465722,KTS,Brevig Mission Airport,Brevig Mission,US,38.1
64.875806,-157.730444,KYU,Koyukuk Airport,Koyukuk,US,148.9
60.790333,-161.443694,KWT,Kwethluk Airport,Kwethluk,US,25.3
65.5079,-150.140833,RMP,Rampart Airport,Rampart,US,306.7
66.817528,-161.02225,ORV,Robert/Bob/Curtis Memorial Airport,Noorvik,US,54.5
64.371083,-161.223972,SKK,Shaktoolik Airport,Shaktoolik,US,24.4
66.017167,-149.054361,SVS,Stevens Village Airport,Stevens Village,US,328.3
63.329514,-142.953684,TKJ,Tok Junction Airport,Tok,US,1642.8
58.702083,-157.002583,WSN,South Naknek Nr 2 Airport,South Naknek,US,162.3
66.572417,-145.246333,FYU,Fort Yukon Airport,Fort Yukon,US,447.2
60.91381,-161.493329,KKI,Akiachak Airport,Akiachak,US,22.8
22.022773,-159.785068,BKH,Barking Sands Pmrf Airport,"Kekaha,Kauai",US,23.2
21.579474,-158.197281,HDH,Kawaihapai Airfield,Mokuleia,US,14.2
21.481444,-158.037833,HHI,Wheeler Army Air Field,Wahiawa,US,843.3
20.795637,-156.014438,HNM,Hana Airport,Hana,US,77.5
20.962936,-156.673032,JHM,Kapalua Airport,Lahaina,US,255.8
21.307134,-158.070444,JRF,Kalaeloa (John Rodgers Field) Airport,Kapolei,US,32.3
19.738765,-156.045631,KOA,Ellison Onizuka Kona International At Keahole Airport,Kailua-Kona,US,50.5
21.975983,-159.338958,LIH,Lihue Airport,Lihue,US,152.4
21.21104,-156.973597,LUP,Kalaupapa Airport,Kalaupapa,US,23.9
21.152886,-157.096256,MKK,Molokai Airport,Kaunakakai,US,453.9
20.001327,-155.668107,MUE,Waimea-Kohala Airport,Kamuela,US,2671.1
21.450456,-157.767949,NGF,Kaneohe Bay Mcas (Marion E Carl Field) Airport,Kaneohe,US,23
21.317825,-157.92025,HNL,Daniel K Inouye International Airport,Honolulu,US,13.5
20.785611,-156.951418,LNY,Lanai Airport,Lanai City,US,1308.1
20.898649,-156.430459,OGG,Kahului Airport,Kahului,US,55.4
21.896944,-159.603167,PAK,Port Allen Airport,Hanapepe,US,24
19.760013,-155.553766,BSF,Bradshaw Army Airfield,Camp Pohakuloa,US,6190.2
19.720263,-155.04847,ITO,Hilo International Airport,Hilo,US,37.6
20.265194,-155.859944,UPP,Upolu Airport,Hawi,US,96
66.942561,-156.891369,DCK,Dahl Creek Airport,Dahl Creek,US,260
60.569528,-165.246278,TNK,Tununak Airport,Tununak,US,62.3
62.992944,-156.029722,TCT,Takotna Airport,Takotna,US,423.1
60.906,-162.440583,NUP,Nunapitchuk Airport,Nunapitchuk,US,21.9
69.732889,-163.005333,PIZ,Point Lay Lrrs Airport,Point Lay,US,28.5
18.337306,-64.973333,STT,Cyril E King Airport,Charlotte Amalie,US,23.6
17.701537,-64.801982,STX,Henry E Rohlsen Airport,Christiansted,US,73.2
18.450917,-66.675444,ARE,Antonio/Nery/Juarbe Pol Airport,Arecibo,US,20.5
18.494852,-67.129442,BQN,Rafael Hernandez Airport,Aguadilla,US,237.7
18.312972,-65.303889,CPX,Benjamin Rivera Noriega Airport,Isla De Culebra,US,42.9
18.456778,-66.098472,SIG,Fernando Luis Ribas Dominicci Airport,San Juan,US,9.6
18.255694,-67.148472,MAZ,Eugenio Maria De Hostos Airport,Mayaguez,US,28.7
18.008778,-66.564528,PSE,Mercedita Airport,Ponce,US,36.7
18.245112,-65.643424,NRR,Jose Aponte De La Torre Airport,Ceiba,US,38.5
18.439399,-66.002133,SJU,Luis Munoz Marin International Airport,San Juan,US,9.6
18.134811,-65.493617,VQS,Antonio Rivera Rodriguez Airport,Isla De Vieques,US,49
37.016667,-110.200685,GMV,Monument Valley Airport,Monument Valley,US,5192
48.499833,-122.813778,DTR,Decatur Shores Airport,Anacortes,US,38
